x,y,z,qw,qx,qy,qz,k11,k12,k13,k21,k22,k23,k31,k32,k33,d11,d12,d13,d21,d22,d23,d31,d32,d33
0.55000000,0.00000000,0.30000000,1.00000000,0.00000000,0.00000000,0.00000000,300.00000000,0.00000000,0.00000000,0.00000000,300.00000000,0.00000000,0.00000000,0.00000000,300.00000000,5.70700047,-2.74690318,-7.31795782,-2.74690318,29.98202779,-17.92882611,-7.31795782,-17.92882611,39.05714730
0.55011411,-0.00008667,0.30001088,1.00000000,-0.00001550,0.00001624,-0.00000062,300.23347865,-0.22196403,0.03341558,-0.22196403,299.34552224,-0.60008821,0.03341558,-0.60008821,296.13976549,5.52780752,-2.81916267,-6.47777747,-2.81916267,29.38638318,-17.47775860,-6.47777747,-17.47775860,36.41511636
0.55043398,-0.00032120,0.30004182,1.00000000,-0.00006004,0.00006307,-0.00000206,300.45538566,-0.46386265,0.07177021,-0.46386265,298.66682741,-1.21185783,0.07177021,-1.21185783,292.27404086,5.34282783,-2.89035492,-5.62011084,-2.89035492,28.77480336,-17.04777569,-5.62011084,-17.04777569,33.85777915
0.55092791,-0.00066794,0.30009044,0.99999998,-0.00012981,0.00013689,-0.00000355,300.66408736,-0.72712804,0.11556776,-0.72712804,297.96214401,-1.83556081,0.11556776,-1.83556081,288.40150055,5.15260849,-2.95976488,-4.74890190,-2.95976488,28.14943197,-16.64522836,-4.74890190,-16.64522836,31.41851685
0.55156658,-0.00109450,0.30015455,0.99999995,-0.00022136,0.00023438,-0.00000441,300.85779716,-1.01325113,0.16533839,-1.01325113,297.22962683,-2.47141941,0.16533839,-2.47141941,284.52075180,4.95779310,-3.02662699,-3.86856978,-3.02662699,27.51268648,-16.27674882,-3.86856978,-16.27674882,29.13291877
0.55232262,-0.00157149,0.30023220,0.99999988,-0.00033148,0.00035245,-0.00000405,301.03457455,-1.32377588,0.22163493,-1.32377588,296.46736515,-3.11962557,0.22163493,-3.11962557,280.63036487,4.75911989,-3.09013614,-2.98396775,-3.09013614,26.86723022,-15.94911970,-2.98396775,-15.94911970,27.03827400
0.55317024,-0.00207230,0.30032170,0.99999978,-0.00045728,0.00048826,-0.00000194,301.19232693,-1.66029172,0.28502826,-1.66029172,295.67339327,-3.78034116,0.28502826,-3.78034116,276.72891032,4.55741700,-3.14946168,-2.10032388,-3.14946168,26.21593266,-15.66911432,-2.10032388,-15.66911432,25.17292691
0.55408481,-0.00257292,0.30042166,0.99999962,-0.00059607,0.00063921,0.00000236,301.32881485,-2.02442455,0.35610168,-2.02442455,294.84570318,-4.45369906,0.35610168,-4.45369906,272.81500333,4.35359502,-3.20376425,-1.22316250,-3.20376425,25.56181807,-15.44330919,-1.22316250,-15.44330919,23.57549882
0.55504255,-0.00305175,0.30053096,0.99999940,-0.00074543,0.00080285,0.00000923,301.44166078,-2.41782584,0.43544438,-2.41782584,293.98225964,-5.13980495,0.43544438,-5.13980495,268.88735448,4.14863652,-3.25221529,-0.35820725,-3.25221529,24.90800275,-15.27787183,-0.35820725,-15.27787183,22.28398547
0.55602023,-0.00348948,0.30064882,0.99999911,-0.00090312,0.00097695,0.00001900,301.52836197,-2.84216019,0.52364414,-2.84216019,293.08101731,-5.83873989,0.52364414,-5.83873989,264.94482621,3.94358277,-3.29401867,0.48873323,-3.29401867,24.25762207,-15.17832848,0.48873323,-15.17832848,21.33474822
0.55699501,-0.00386891,0.30077477,0.99999876,-0.00106710,0.00115943,0.00003194,301.58630734,-3.29909130,0.62127935,-3.29909130,292.13993995,-6.55056325,0.62127935,-6.55056325,260.98649332,3.73951769,-3.32843401,1.31189412,-3.32843401,23.61374922,-15.14931844,1.31189412,-15.14931844,20.76142530
0.55794435,-0.00417485,0.30090863,0.99999833,-0.00123551,0.00134837,0.00004826,301.61279863,-3.79026653,0.72891071,-3.79026653,291.15702117,-7.27531588,0.72891071,-7.27531588,257.01170603,3.53754967,-3.35480053,2.10569436,-3.35480053,22.97930822,-15.19434360,2.10569436,-15.19434360,20.59379778
0.55884609,-0.00439396,0.30105046,0.99999782,-0.00140665,0.00154198,0.00006813,301.60507553,-4.31730034,0.84707273,-4.31730034,290.13030660,-8.01302313,0.84707273,-8.01302313,253.02015315,3.33879156,-3.37256075,2.86488273,-3.37256075,22.35698457,-15.31552315,2.86488273,-15.31552315,20.85665240
0.55967865,-0.00451463,0.30120050,0.99999724,-0.00157898,0.00173861,0.00009166,301.56034461,-4.88175687,0.97626559,-4.88175687,289.05791664,-8.76369732,0.97626559,-8.76369732,249.01192312,3.14433972,-3.38128269,3.58468469,-3.38128269,21.74913741,-15.51336482,3.58468469,-15.51336482,21.56868874
0.56042128,-0.00452681,0.30135914,0.99999658,-0.00175108,0.00193674,0.00011896,301.47581146,-5.48513215,1.11694741,-5.48513215,287.93806951,-9.52733934,1.11694741,-9.52733934,244.98756004,2.95525277,-3.38067944,4.26094360,-3.38067944,21.15771766,-15.78656435,4.26094360,-15.78656435,22.74152152
0.56105453,-0.00442194,0.30152680,0.99999586,-0.00192168,0.00213494,0.00015006,301.34871539,-6.12883622,1.26952762,-6.12883622,286.76910365,-10.30393885,1.26952762,-10.30393885,240.94811229,2.77253107,-3.37062488,4.89024981,-3.37062488,20.58419638,-16.13184504,4.89024981,-16.13184504,24.37882914
0.56156063,-0.00419275,0.30170385,0.99999508,-0.00208963,0.00233190,0.00018498,301.17636591,-6.81417586,1.43436144,-6.81417586,285.54949909,-11.09347287,1.43436144,-11.09347287,236.89517102,2.59709770,-3.35116438,5.47005121,-3.35116438,20.02950808,-16.54384820,5.47005121,-16.54384820,26.47569606
0.56192400,-0.00383325,0.30189056,0.99999424,-0.00225386,0.00252639,0.00022370,300.95617992,-7.54233812,1.61174606,-7.54233812,284.27789677,-11.89590231,1.61174606,-11.89590231,232.83089643,2.42978198,-3.32251951,5.99873945,-3.32251951,19.49401272,-17.01508371,5.99873945,-17.01508371,29.01819053
0.56213169,-0.00333858,0.30208700,0.99999336,-0.00241345,0.00271728,0.00026619,300.68571863,-8.31437548,1.80191852,-8.31437548,282.95311546,-12.71116639,1.80191852,-12.71116639,228.75803005,2.27130608,-3.28508605,6.47570681,-3.28508605,18.97747987,-17.53594757,6.47570681,-17.53594757,31.98320898
0.56217368,-0.00270498,0.30229301,0.99999244,-0.00256752,0.00290352,0.00031237,300.36272307,-9.13119287,2.00505560,-9.13119287,281.57416544,-13.53917476,2.00505560,-13.53917476,224.67989198,2.12227557,-3.23942475,6.90137015,-3.23942475,18.47909750,-18.09481054,6.90137015,-18.09481054,35.33860664
0.56204317,-0.00192975,0.30250811,0.99999149,-0.00271534,0.00308414,0.00036216,299.98514709,-9.99353694,2.22127570,-9.99353694,280.14025873,-14.37979740,2.22127570,-14.37979740,220.60036264,1.98317421,-3.18624480,7.27716009,-3.18624480,17.99750663,-18.67817834,7.27716009,-18.67817834,39.04361961
0.56173664,-0.00101115,0.30273155,0.99999053,-0.00285620,0.00325823,0.00041544,299.55118684,-10.90198805,2.45064268,-10.90198805,278.65081526,-15.23285252,2.45064268,-15.23285252,216.52384928,1.85436320,-3.12638021,7.60547491,-3.12638021,17.53086194,-19.27092106,7.60547491,-19.27092106,43.04956936
0.56125387,0.00005171,0.30296225,0.99998955,-0.00298951,0.00342495,0.00047208,299.05930590,-11.85695508,2.69317159,-11.85695508,277.10546502,-16.09809283,2.69317159,-16.09809283,212.45523836,1.73608498,-3.06075969,7.88960086,-3.06075969,17.07691729,-19.85656559,7.88960086,-19.85656559,47.30082639
0.56059767,0.00125897,0.30319881,0.99998859,-0.00311474,0.00358354,0.00053193,298.50825520,-12.85867320,2.94883587,-12.85867320,275.50404606,-16.97519045,2.94883587,-16.97519045,208.39983537,1.62847111,-2.99037092,8.13360201,-2.99037092,16.63313364,-20.41764237,8.13360201,-20.41764237,51.73599745
0.55977366,0.00261020,0.30343961,0.99998763,-0.00323143,0.00373327,0.00059484,297.89708737,-13.90720460,3.21757596,-13.90720460,273.84659859,-17.86372119,3.21757596,-17.86372119,204.36329419,1.53155398,-2.91622050,8.34218401,-2.91622050,16.19680608,-20.93607548,8.34218401,-20.93607548,56.28929078
0.55878985,0.00410466,0.30368278,0.99998670,-0.00333916,0.00387349,0.00066064,297.22516510,-15.00244203,3.49930869,-15.00244203,272.13335537,-18.76314864,3.49930869,-18.76314864,200.35153855,1.44528153,-2.83929081,8.52053760,-2.83929081,15.76520560,-21.39360296,8.52053760,-21.39360296,60.89200700
0.55765622,0.00574155,0.30392631,0.99998581,-0.00343761,0.00400360,0.00072913,296.49216357,-16.14411497,3.79393726,-16.14411497,270.36472902,-19.67280880,3.79393726,-19.67280880,196.37067816,1.36953429,-2.76049553,8.67416810,-2.76049553,15.33573061,-21.77221421,8.67416810,-21.77221421,65.47409984
0.55638429,0.00752019,0.30416810,0.99998496,-0.00352647,0.00412304,0.00080013,295.69806702,-17.33179809,4.10136122,-17.33179809,268.54129670,-20.59189580,4.10136122,-20.59189580,192.42692223,1.30414386,-2.68063521,8.80871744,-2.68063521,14.90606297,-22.05459029,8.80871744,-22.05459029,69.96575124
0.55498668,0.00944036,0.30440602,0.99998417,-0.00360551,0.00423130,0.00087343,294.84315989,-18.56492154,4.42148609,-18.56492154,266.66378286,-21.51944926,4.42148609,-21.51944926,188.52649283,1.24891177,-2.60035467,8.92978551,-2.60035467,14.47432273,-22.22453413,8.92978551,-22.22453413,74.29890797
0.55347671,0.01150241,0.30463800,0.99998343,-0.00367455,0.00432793,0.00094884,293.92801306,-19.84278268,4.75423228,-19.84278268,264.73304095,-22.45434395,4.75423228,-22.45434395,184.67554046,1.20362815,-2.52010378,9.04275686,-2.52010378,14.03921612,-22.26737835,9.04275686,-22.26737835,78.40873319
0.55186802,0.01370750,0.30486206,0.99998277,-0.00373345,0.00441252,0.00102613,292.95346581,-21.16455878,5.09954283,-21.16455878,262.75003463,-23.39528214,5.09954283,-23.39528214,180.88006370,1.16808890,-2.44010294,9.15263839,-2.44010294,13.60017134,-22.17035968,9.15263839,-22.17035968,82.23493294
0.55017424,0.01605762,0.30507639,0.99998218,-0.00378210,0.00448468,0.00110509,291.92060440,-22.52932005,5.45738976,-22.52932005,260.71581946,-24.34078909,5.45738976,-24.34078909,177.14583443,1.14211105,-2.36031480,9.26391290,-2.36031480,13.15745678,-21.92295090,9.26391290,-21.92295090,85.72292652
0.54840856,0.01855565,0.30527937,0.99998167,-0.00382045,0.00454410,0.00118551,290.83073795,-23.93604271,5.82777875,-23.93604271,258.63152568,-25.28921198,5.82777875,-25.28921198,173.47832998,1.12554530,-2.28042331,9.38041235,-2.28042331,12.71227714,-21.51714216,9.38041235,-21.51714216,88.82483766
0.54658337,0.02120528,0.30546962,0.99998126,-0.00384848,0.00459047,0.00126716,289.68537247,-25.38362145,6.21075194,-25.38362145,256.49834289,-26.23872264,6.21075194,-26.23872264,169.88267283,1.11828531,-2.19982118,9.50521392,-2.19982118,12.26684266,-20.94766573,9.50521392,-20.94766573,91.50029189
0.54470987,0.02401093,0.30564598,0.99998093,-0.00386622,0.00462356,0.00134983,288.48618393,-26.87088092,6.60638866,-26.87088092,254.31750725,-27.18732417,6.60638866,-27.18732417,166.36357861,1.12027335,-2.11760658,9.64056109,-2.11760658,11.82440788,-20.21215910,9.64056109,-20.21215910,93.71701231
0.54279764,0.02697748,0.30580756,0.99998069,-0.00387370,0.00464315,0.00143329,287.23499092,-28.39658596,7.01480419,-28.39658596,252.09029167,-28.13286176,7.01480419,-28.13286176,162.92531253,1.13150195,-2.03258983,9.78781118,-2.03258983,11.38927646,-19.31126274,9.78781118,-19.31126274,95.45121237
0.54085427,0.03011006,0.30595367,0.99998055,-0.00387103,0.00464906,0.00151734,285.93372780,-29.95945017,7.43614624,-29.95945017,249.81799957,-29.07303769,7.43614624,-29.07303769,159.57165455,1.15201137,-1.94331054,9.94741002,-1.94331054,10.96676943,-18.24865000,9.94741002,-18.24865000,96.68778890
0.53888503,0.03341374,0.30608388,0.99998050,-0.00385831,0.00464115,0.00160175,284.58441865,-31.55814260,7.87058946,-31.55814260,247.50196235,-30.00543050,7.87058946,-30.00543050,156.30587322,1.18188299,-1.84806527,10.11889376,-1.84806527,10.56315521,-17.03098764,10.11889376,-17.03098764,97.42032250
0.53689267,0.03689311,0.30619791,0.99998055,-0.00383570,0.00461933,0.00168632,283.18915267,-33.19129249,8.31832782,-33.19129249,245.14354104,-30.92751845,8.31832782,-30.92751845,153.13070831,1.22122865,-1.74494592,10.30091746,-1.74494592,10.18554055,-15.66782659,10.30091746,-15.66782659,97.65089532
0.53487735,0.04055198,0.30629565,0.99998069,-0.00380335,0.00458352,0.00177084,281.75006132,-34.85749191,8.77956510,-34.85749191,242.74413185,-31.83670689,8.77956510,-31.83670689,150.04836200,1.27017617,-1.63188815,10.49130912,-1.63188815,9.84172304,-14.17142395,10.49130912,-14.17142395,97.38973818
0.53283682,0.04439299,0.30637714,0.99998093,-0.00376148,0.00453369,0.00185511,280.26929740,-36.55529639,9.25450370,-36.55529639,240.30517580,-32.73035948,9.25450370,-32.73035948,147.06049882,1.32885169,-1.50672918,10.68714760,-1.50672918,9.54000696,-12.55649855,10.68714760,-12.55649855,96.65472148
0.53076673,0.04841731,0.30644247,0.99998125,-0.00371030,0.00446985,0.00193894,278.74901630,-38.28322351,9.74333180,-38.28322351,237.82817197,-33.60583278,9.74333180,-33.60583278,144.16825394,1.39735922,-1.36727374,10.88486189,-1.36727374,9.28898614,-10.83992429,10.88486189,-10.83992429,95.47070549
0.52866114,0.05262439,0.30649184,0.99998165,-0.00365005,0.00439202,0.00202213,277.19135954,-40.03974979,10.24620943,-40.03974979,235.31469408,-34.46051358,10.24620943,-34.46051358,141.37224982,1.47575820,-1.21136640,11.08034913,-1.21136640,9.09729917,-9.04036741,11.08034913,-9.04036741,93.86876815
0.52651319,0.05701178,0.30652545,0.99998213,-0.00358100,0.00430028,0.00210451,275.59844041,-41.82330594,10.76325345,-41.82330594,232.76640971,-35.29185850,10.76325345,-35.29185850,138.67262083,1.56404009,-1.03696819,11.26910741,-1.03696819,8.97336376,-7.17787601,11.26910741,-7.17787601,91.88533030
0.52431581,0.06157509,0.30654357,0.99998268,-0.00350343,0.00419472,0.00218589,273.97233185,-43.63227082,11.29452210,-43.63227082,230.18510149,-36.09743481,11.29452210,-36.09743481,136.06904530,1.66210470,-0.84223498,11.44637951,-0.84223498,8.92509922,-5.27343244,11.44637951,-5.27343244,89.56120071
0.52206246,0.06630796,0.30654648,0.99998329,-0.00341764,0.00407547,0.00226612,272.31505637,-45.46496444,11.83999928,-45.46496444,227.57268939,-36.87496157,11.83999928,-36.87496157,133.56078447,1.76973772,-0.62559471,11.60730271,-0.62559471,8.95964689,-3.34848108,11.60730271,-3.34848108,86.94056542
0.51974777,0.07120220,0.30653449,0.99998395,-0.00332395,0.00394270,0.00234502,270.62857786,-47.31964040,12.39957915,-47.31964040,224.93125317,-37.62234998,12.39957915,-37.62234998,131.14672731,1.88659023,-0.38582034,11.74705973,-0.38582034,9.08309969,-1.42444610,11.74705973,-1.42444610,84.06994794
0.51736803,0.07624792,0.30650798,0.99998467,-0.00322268,0.00379660,0.00242246,268.91479509,-49.19447797,12.97305134,-49.19447797,222.26305398,-38.33774166,12.97305134,-38.33774166,128.82544020,2.01216147,-0.12209541,11.86102545,-0.12209541,9.30025228,0.47774529,11.86102545,0.47774529,80.99716840
0.51492152,0.08143374,0.30646736,0.99998541,-0.00311417,0.00363739,0.00249828,267.17553685,-51.08757443,13.56008731,-51.08757443,219.57055403,-39.01954380,13.56008731,-39.01954380,126.59522006,2.14578590,0.16593089,11.94490434,0.16593089,9.61438309,2.33811776,11.94490434,2.33811776,77.77033019
0.51240862,0.08674703,0.30641312,0.99998619,-0.00299877,0.00346533,0.00257235,265.41255835,-52.99693777,14.16022822,-52.99693777,216.85643352,-39.66645978,14.16022822,-39.66645978,124.45414945,2.28662535,0.47810175,11.99485359,0.47810175,10.02707856,4.13806514,11.99485359,4.13806514,74.43686218
0.50983175,0.09217414,0.30634583,0.99998698,-0.00287685,0.00328069,0.00264455,263.62753886,-54.92048019,14.77287458,-54.92048019,214.12360366,-40.27751428,14.77287458,-40.27751428,122.40015209,2.43366692,0.81372627,12.00758780,0.81372627,10.53810835,5.86071549,12.00758780,5.86071549,71.04264280
0.50719508,0.09770065,0.30626608,0.99998778,-0.00274878,0.00308379,0.00271475,261.82208036,-56.85601273,15.39727809,-56.85601273,211.37521522,-40.85207191,15.39727809,-40.85207191,120.43104702,2.58572712,1.17156985,11.98046165,1.17156985,11.14535792,7.49123151,11.98046165,7.49123151,67.63122913
0.50450420,0.10331164,0.30617457,0.99998858,-0.00261492,0.00287496,0.00278286,259.99770704,-58.80124105,16.03253578,-58.80124105,208.61466187,-41.38984850,16.03253578,-41.38984850,118.54459991,2.74146242,1.54986226,11.91152839,1.54986226,11.84482214,9.01703683,11.91152839,9.01703683,64.24320957
0.50176568,0.10899193,0.30607199,0.99998935,-0.00247567,0.00265458,0.00284877,258.15586555,-60.75376269,16.67758662,-60.75376269,205.84557787,-41.89091467,16.67758662,-41.89091467,116.73856983,2.89938578,1.94632331,11.79957294,1.94632331,12.63066059,10.42796243,11.79957294,10.42796243,60.91569363
0.49898655,0.11472634,0.30595905,0.99999011,-0.00233139,0.00242302,0.00291240,256.29792584,-62.71106580,17.33121066,-62.71106580,203.07182985,-42.35569132,17.33121066,-42.35569132,115.01075036,3.05788907,2.35820500,11.64411969,2.35820500,13.49531201,11.71631109,11.64411969,11.71631109,57.68194563
0.49617392,0.12049985,0.30583645,0.99999082,-0.00218247,0.00218071,0.00297366,254.42518267,-64.67052945,17.99203055,-64.67052945,200.29750265,-42.78493718,17.99203055,-42.78493718,113.35900380,3.21527028,2.78234848,11.44541667,2.78234848,14.42966242,12.87684202,11.44541667,12.87684202,54.57116337
0.49333452,0.12629791,0.30570487,0.99999148,-0.00202931,0.00192808,0.00303249,252.53885741,-66.62942544,18.65851546,-66.62942544,197.52687926,-43.17972861,18.65851546,-43.17972861,111.78128770,3.36976491,3.21525336,11.20439827,3.21525336,15.42325904,13.90668146,11.20439827,13.90668146,51.60839606
0.49047446,0.13210653,0.30556496,0.99999209,-0.00187229,0.00166562,0.00308881,250.64010052,-68.58492167,19.32898706,-68.58492167,194.76441517,-43.54143231,19.32898706,-43.54143231,110.27567335,3.51958013,3.65315629,10.92263018,3.65315629,16.46455991,14.80516808,10.92263018,14.80516808,48.81459049
0.48759897,0.13791247,0.30541734,0.99999263,-0.00171178,0.00139379,0.00314258,248.72999421,-70.53408681,20.00162754,-70.53408681,192.01470739,-43.87167160,20.00162754,-43.87167160,108.84035588,3.66293080,4.09211572,10.60224044,4.09211572,17.54120835,15.57364466,10.60224044,15.57364466,46.20674950
0.48471233,0.14370338,0.30526265,0.99999308,-0.00154818,0.00111312,0.00319376,246.80955567,-72.47389652,20.67448923,-72.47389652,189.28245884,-44.17228725,20.67448923,-44.17228725,107.47365614,3.79807597,4.52809947,10.24584099,4.52809947,18.64032026,16.21520912,10.24584099,16.21520912,43.79818340
0.48181786,0.14946786,0.30510150,0.99999345,-0.00138185,0.00082414,0.00324231,244.87974056,-74.40124082,21.34550566,-74.40124082,186.57243829,-44.44529380,21.34550566,-44.44529380,106.17401480,3.92335478,4.95707187,9.85644404,4.95707187,19.74877331,16.73443864,9.85644404,16.73443864,41.59883277
0.47891805,0.15519555,0.30493457,0.99999372,-0.00121318,0.00052739,0.00328819,242.94144696,-76.31293285,22.01250390,-76.31293285,183.88943667,-44.69283246,22.01250390,-44.69283246,104.93997907,4.03722075,5.37507768,9.43737738,5.37507768,20.85348720,17.13710036,9.43737738,17.13710036,39.61564014
0.47601502,0.16087697,0.30476260,0.99999388,-0.00104253,0.00022345,0.00333139,240.99551967,-78.20571878,22.67321792,-78.20571878,181.23822025,-44.91712168,22.67321792,-44.91712168,103.77018310,4.13827350,5.77832027,8.99220212,5.77832027,21.94168618,17.42986162,8.99220212,17.42986162,37.85294851
0.47311110,0.16650333,0.30458642,0.99999393,-0.00087027,-0.00008710,0.00337190,239.04275485,-80.07628912,23.32530282,-80.07628912,178.62348113,-45.12040649,23.32530282,-45.12040649,102.66332264,4.22528717,6.16323222,8.52463593,6.16323222,23.00113638,17.62001071,8.52463593,17.62001071,36.31290591
0.47020948,0.17206637,0.30440700,0.99999386,-0.00069674,-0.00040364,0.00340972,237.08390504,-81.92129124,23.96634990,-81.92129124,176.04978589,-45.30490751,23.96634990,-45.30490751,101.61812530,4.29723497,6.52653688,8.03848361,6.52653688,24.02035264,17.71519772,8.03848361,17.71519772,34.99585741
0.46731475,0.17755828,0.30422544,0.99999367,-0.00052230,-0.00072557,0.00344484,235.11968464,-83.73734334,24.59390247,-83.73734334,173.52152276,-45.47277084,24.59390247,-45.47277084,100.63331736,4.35330942,6.86530007,7.53757656,6.86530007,24.98877129,17.72320253,7.53757656,17.72320253,33.90070908
0.46443341,0.18297171,0.30404297,0.99999334,-0.00034730,-0.00105226,0.00347727,233.15077559,-85.52104992,25.20547246,-85.52104992,171.04284827,-45.62601952,25.20547246,-45.62601952,99.70758839,4.39293795,7.17697172,7.02572149,7.17697172,25.89688735,17.65173508,7.02572149,17.65173508,33.02525090
0.46157422,0.18829977,0.30386100,0.99999288,-0.00017205,-0.00138305,0.00350705,231.17783359,-87.26901881,25.79855778,-87.26901881,168.61763397,-45.76650768,25.79855778,-45.76650768,98.83955490,4.41579374,7.45941728,6.50665815,7.45941728,26.73635583,17.50827102,6.50665815,17.50827102,32.36642943
0.45874850,0.19353615,0.30368105,0.99999228,0.00000310,-0.00171731,0.00353417,229.20149455,-88.97787985,26.37066060,-88.97787985,166.24941417,-45.89587813,26.37066060,-45.89587813,98.02772436,4.42180171,7.71093959,5.98402536,7.71093959,27.50005860,17.29992363,5.98402536,17.29992363,31.92056381
0.45597022,0.19867511,0.30350476,0.99999154,0.00017786,-0.00205437,0.00355869,227.22238143,-90.64430527,26.91930650,-90.64430527,163.94133569,-46.01552435,26.91930650,-46.01552435,97.27046090,4.41113958,7.93029155,5.46133406,7.93029155,28.18213877,17.03335168,5.46133406,17.03335168,31.68350192
0.45325600,0.20371162,0.30333386,0.99999066,0.00035190,-0.00239356,0.00358063,225.24111147,-92.26503190,27.44206461,-92.26503190,161.69611085,-46.12655762,27.44206461,-46.12655762,96.56595397,4.38423404,8.11668060,4.94194581,8.11668060,28.77800547,16.71470134,4.94194581,16.71470134,31.65071609
0.45062488,0.20864137,0.30317015,0.99998964,0.00052494,-0.00273423,0.00360004,223.25830363,-93.83688495,27.93656879,-93.83688495,159.51597475,-46.22978034,27.93656879,-46.22978034,95.91219145,4.34175230,8.26976559,4.42905525,8.26976559,29.28431233,16.34957929,4.42905525,16.34957929,31.81734066
0.44809799,0.21346080,0.30301542,0.99998849,0.00069668,-0.00307570,0.00361695,221.27458642,-95.35680346,28.40053967,-95.35680346,157.40264848,-46.32566604,28.40053967,-46.32566604,95.30693826,4.28458888,8.38964704,3.92567480,8.38964704,29.69891297,15.94305326,3.92567480,15.94305326,32.17815554
0.44569798,0.21816709,0.30287143,0.99998719,0.00086684,-0.00341730,0.00363143,219.29060592,-96.82186710,28.83180771,-96.82186710,155.35730943,-46.41434721,28.83180771,-46.41434721,94.74772192,4.21384816,8.47685130,3.43462031,8.47685130,30.02079695,15.49967612,3.43462031,15.49967612,32.72752231
0.44344841,0.22275821,0.30273981,0.99998576,0.00103516,-0.00375837,0.00364353,217.30703408,-98.22932410,29.22833689,-98.22932410,153.38057037,-46.49561133,29.22833689,-46.49561133,94.23182595,4.13082279,8.53230951,2.95849664,8.53230951,30.25000954,15.02352876,2.95849664,15.02352876,33.45928104
0.44137289,0.22723287,0.30262204,0.99998421,0.00120138,-0.00409825,0.00365332,215.32457707,-99.57661995,29.58824891,-99.57661995,151.47246841,-46.56890586,29.58824891,-46.56890586,93.75629208,4.03696859,8.55733170,2.49968241,8.55733170,30.38755847,14.51827731,2.49968241,14.51827731,34.36661753
0.43949417,0.23159064,0.30251935,0.99998253,0.00136524,-0.00443629,0.00366085,213.34398376,-100.86142635,29.90984763,-100.86142635,149.63246525,-46.63335250,29.90984763,-46.63335250,93.31793176,3.93387629,8.55357673,2.06031382,8.55357673,30.43531077,13.98724000,2.06031382,13.98724000,35.44191185
0.43783324,0.23583194,0.30243269,0.99998073,0.00152650,-0.00477184,0.00366620,211.36605420,-102.08166996,30.19164314,-102.08166996,147.85945956,-46.68777079,30.19164314,-46.68777079,92.91334741,3.82324104,8.52301831,1.64226780,8.52301831,30.39588258,13.43345909,1.64226780,13.43345909,36.67658013
0.43640826,0.23995828,0.30236270,0.99997882,0.00168494,-0.00510428,0.00366945,209.39164788,-103.23556027,30.43237533,-103.23556027,146.15181215,-46.73071109,30.43237533,-46.73071109,92.53896321,3.70683029,8.46790776,1.24714516,8.46790776,30.27252480,12.85977360,1.24714516,12.85977360,38.06092158
0.43523375,0.24397235,0.30230970,0.99997681,0.00184033,-0.00543299,0.00367067,207.42169176,-104.32161603,30.63103604,-104.32161603,144.50738401,-46.76049639,30.63103604,-46.76049639,92.19106499,3.58645126,8.39073373,0.87625513,8.39073373,30.06900738,12.26888872,0.87625513,12.26888872,39.58398315
0.43431976,0.24787828,0.30227364,0.99997471,0.00199247,-0.00575737,0.00366994,205.45718788,-105.33868955,30.78688964,-105.33868955,142.92358703,-46.77527215,30.78688964,-46.77527215,91.86584831,3.46391891,8.29417941,0.53060232,8.29417941,29.78950494,11.66343834,0.53060232,11.66343834,41.23345335
0.43367131,0.25168182,0.30225417,0.99997252,0.00214114,-0.00607686,0.00366735,203.49922042,-106.28598806,30.89949106,-106.28598806,141.39744650,-46.77306304,30.89949106,-46.77306304,91.55947334,3.34102555,8.18107777,0.21087819,8.18107777,29.43848642,11.04603743,0.21087819,11.04603743,42.99559567
0.43328804,0.25539055,0.30225065,0.99997026,0.00228618,-0.00639088,0.00366298,201.54896198,-107.16309176,30.96870104,-107.16309176,139.92567397,-46.75183523,30.96870104,-46.75183523,91.26812497,3.21951331,8.05436531,-0.08254172,8.05436531,29.02061141,10.41932191,-0.08254172,10.41932191,44.85523034
0.43316417,0.25901394,0.30226222,0.99996793,0.00242738,-0.00669891,0.00365694,199.60767893,-107.96996774,30.99469790,-107.96996774,138.50474871,-46.70956219,30.99469790,-46.70956219,90.98807593,3.10105043,7.91703499,-0.34959296,7.91703499,28.54063553,9.78597392,-0.34959296,9.78597392,46.79577094
0.43328877,0.26256334,0.30228780,0.99996555,0.00256459,-0.00700045,0.00364931,197.67673580,-108.70697939,30.97798536,-108.70697939,137.13100529,-46.64429236,30.97798536,-46.64429236,90.71575093,2.98721247,7.77208894,-0.59050860,7.77208894,28.00332726,9.14873137,-0.59050860,9.14873137,48.79931963
0.43364626,0.26605181,0.30232618,0.99996313,0.00269765,-0.00729501,0.00364019,195.75759827,-109.37489086,30.91939615,-109.37489086,135.80072470,-46.55421618,30.91939615,-46.55421618,90.44778913,2.87946898,7.62249162,-0.80579591,7.62249162,27.41339806,8.51038146,-0.80579591,8.51038146,50.84682202
0.43421718,0.26949382,0.30237603,0.99996067,0.00282642,-0.00758215,0.00362968,193.85183490,-109.97486632,30.82009106,-109.97486632,134.51022619,-46.43773060,30.82009106,-46.43773060,90.18110290,2.77917640,7.47112408,-0.99620299,7.47112408,26.77544749,7.87373840,-0.99620299,7.87373840,52.91827943
0.43497916,0.27290477,0.30243595,0.99995820,0.00295075,-0.00786145,0.00361789,191.96111722,-110.50846387,30.68155317,-110.50846387,133.25595667,-46.29349870,30.68155317,-46.29349870,89.91293034,2.68757723,7.32074001,-1.16267519,7.32074001,26.09392444,7.24160638,-1.16267519,7.24160638,54.99301383
0.43590786,0.27630042,0.30250449,0.99995572,0.00307053,-0.00813252,0.00360492,190.08721816,-110.97762409,30.50557749,-110.97762409,132.03457492,-46.12050255,30.50557749,-46.12050255,89.64087965,2.60580559,7.17392402,-1.30630214,7.17392402,25.37310506,6.61672966,-1.30630214,6.61672966,57.04997752
0.43697797,0.27969623,0.30258017,0.99995324,0.00318566,-0.00839501,0.00359088,188.23200877,-111.38465332,30.29425582,-111.38465332,130.84302788,-45.91808752,30.29425582,-45.91808752,89.36296362,2.53489876,7.03305268,-1.42825650,7.03305268,24.61708749,6.00173186,-1.42825650,6.00173186,59.06809836
0.43816410,0.28310665,0.30266145,0.99995077,0.00329602,-0.00864861,0.00357589,186.39745289,-111.73220200,30.04995717,-111.73220200,129.67861665,-45.68599664,30.04995717,-45.68599664,89.07762294,2.47581406,6.90025878,-1.52972598,6.90025878,23.82980291,5.39904724,-1.52972598,5.39904724,61.02664887
0.43944148,0.28654451,0.30274678,0.99994833,0.00340155,-0.00889304,0.00356004,184.58559993,-112.02323829,29.77530394,-112.02323829,128.53905021,-45.42439396,29.77530394,-45.42439396,88.78373741,2.42945044,6.77739893,-1.61184058,6.77739893,23.01504173,4.81084692,-1.61184058,4.81084692,62.90562757
0.44078644,0.29002049,0.30283461,0.99994593,0.00350218,-0.00912806,0.00354347,182.79857561,-112.26101760,29.47314435,-112.26101760,127.42248562,-45.13387625,29.47314435,-45.13387625,88.48062468,2.39667348,6.66602487,-1.67559751,6.66602487,22.17649332,4.23896311,-1.67559751,4.23896311,64.68613984
0.44217672,0.29354266,0.30292334,0.99994357,0.00359785,-0.00935345,0.00352629,181.03857048,-112.44904833,29.14652142,-112.44904833,126.32755355,-44.81547283,29.14652142,-44.81547283,88.16802665,2.37834295,6.56735845,-1.72178603,6.56735845,21.31779717,3.68481457,-1.72178603,3.68481457,66.35076664
0.44359154,0.29711630,0.30301145,0.99994126,0.00368852,-0.00956905,0.00350861,179.30782638,-112.59105451,28.79863905,-112.59105451,125.25336906,-44.47063380,28.79863905,-44.47063380,87.84608390,2.37534149,6.48227054,-1.75091486,6.48227054,20.44260273,3.14933629,-1.75091486,3.14933629,67.88390966
0.44501154,0.30074385,0.30309741,0.99993901,0.00377416,-0.00977472,0.00349057,177.60862068,-112.69093592,28.43282568,-112.69093592,124.19952770,-44.10120714,28.43282568,-44.10120714,87.51529927,2.38860330,6.41126380,-1.76314474,6.41126380,19.55463511,2.63291635,-1.76314474,2.63291635,69.27210285
0.44641857,0.30442501,0.30317981,0.99993684,0.00385477,-0.00997037,0.00347228,175.94324844,-112.75272624,28.05249613,-112.75272624,123.16608762,-43.70940551,28.05249613,-43.70940551,87.17649169,2.41914155,6.35445950,-1.75822855,6.35445950,18.65776318,2.13534277,-1.75822855,2.13534277,70.50428163
0.44779556,0.30815701,0.30325736,0.99993474,0.00393036,-0.01015593,0.00345388,174.31400247,-112.78054988,27.66111212,-112.78054988,122.15353880,-43.29776419,27.66111212,-43.29776419,86.83074185,2.46807337,6.31158852,-1.73546145,6.31158852,17.75606651,1.65576270,-1.73546145,1.65576270,71.57200222
0.44912626,0.31193509,0.30332892,0.99993272,0.00400094,-0.01033138,0.00343548,172.72315140,-112.77857804,27.26214195,-112.77857804,121.16276083,-42.86909111,27.26214195,-42.86909111,86.47933160,2.53664128,6.28198673,-1.69364328,6.28198673,16.85389743,1.19265636,-1.69364328,1.19265636,72.46960488
0.45039516,0.31575287,0.30339358,0.99993080,0.00406655,-0.01049673,0.00341722,171.17291604,-112.75098467,26.85902012,-112.75098467,120.19497098,-42.42641100,26.85902012,-42.42641100,86.12367890,2.62623017,6.26459516,-1.63105528,6.26459516,15.95593436,0.74382781,-1.63105528,0.74382781,73.19431621
0.45158741,0.31960296,0.30345064,0.99992897,0.00412725,-0.01065201,0.00339922,169.66544412,-112.70190283,26.45510728,-112.70190283,119.25166444,-41.97290482,26.45510728,-41.97290482,85.76527046,2.73837880,6.25796530,-1.54545307,6.25796530,15.06722248,0.30641425,-1.54545307,0.30641425,73.74628624
0.45268891,0.32347746,0.30349964,0.99992724,0.00418311,-0.01079729,0.00338162,168.20278385,-112.63538205,26.05365118,-112.63538205,118.33454876,-41.51184658,26.05365118,-41.51184658,85.40559425,2.87478534,6.26027004,-1.43407742,6.26027004,14.19319819,-0.12308460,-1.43407742,-0.12308460,74.12855757
0.45368645,0.32736846,0.30354038,0.99992561,0.00423420,-0.01093268,0.00336455,166.78685663,-112.55534736,25.65774933,-112.55534736,117.44547472,-41.04653902,25.65774933,-41.04653902,85.04607391,3.03730616,6.26932081,-1.29368426,6.26932081,13.33969370,-0.54875576,-1.29368426,-0.54875576,74.34696422
0.45456786,0.33126853,0.30357289,0.99992409,0.00428063,-0.01105830,0.00334813,165.41942946,-112.46556039,25.27031380,-112.46556039,116.58636556,-40.58024996,25.27031380,-40.58024996,84.68800726,3.22794768,6.28259143,-1.12059473,6.28259143,12.51291908,-0.97520020,-1.12059473,-0.97520020,74.40995909
0.45532233,0.33517107,0.30359741,0.99992267,0.00432250,-0.01117429,0.00333249,164.10208753,-112.36958326,24.89403909,-112.36958326,115.75914684,-40.11615101,24.89403909,-40.11615101,84.33251094,3.44885105,6.29724903,-0.91076583,6.29724903,11.71941922,-1.40743774,-0.91076583,-1.40743774,74.32837030
0.45594054,0.33907064,0.30361436,0.99992136,0.00435996,-0.01128084,0.00331776,162.83620776,-112.27074586,24.53137350,-112.27074586,114.96567886,-39.65726007,24.53137350,-39.65726007,83.98047292,3.70226986,6.31019250,-0.65988144,6.31019250,10.96600424,-1.85079005,-0.65988144,-1.85079005,74.11508792
0.45641496,0.34296308,0.30362427,0.99992016,0.00439313,-0.01137814,0.00330407,161.62293381,-112.17211689,24.18449477,-112.17211689,114.20769351,-39.20638936,24.18449477,-39.20638936,83.63251476,3.99054118,6.31809831,-0.36346271,6.31809831,10.25965324,-2.31074301,-0.36346271,-2.31074301,73.78468459
0.45673990,0.34684563,0.30362778,0.99991906,0.00442218,-0.01146639,0.00329154,160.46315354,-112.07647944,23.85529056,-112.07647944,113.48673732,-38.76609991,23.85529056,-38.76609991,83.28896481,4.31605080,6.31747350,-0.01699626,6.31747350,9.60739187,-2.79279059,-0.01699626,-2.79279059,73.35297607
0.45691169,0.35071679,0.30362556,0.99991807,0.00444726,-0.01154584,0.00328029,159.35747941,-111.98631141,23.54534431,-111.98631141,112.80412214,-38.33866405,23.54534431,-38.33866405,82.94984352,4.68119359,6.30471531,0.38392262,6.30471531,9.01614645,-3.30226351,0.38392262,-3.30226351,72.83653014
0.45692863,0.35457617,0.30361825,0.99991719,0.00446856,-0.01161671,0.00327044,158.30623266,-111.90377138,23.25592694,-111.90377138,112.16088476,-37.92603652,23.25592694,-37.92603652,82.61486153,5.08833040,6.27617608,0.84343544,6.27617608,8.49257814,-3.84414696,0.84343544,-3.84414696,72.25213534
0.45679094,0.35842418,0.30360645,0.99991641,0.00448626,-0.01167927,0.00326211,157.30943194,-111.83069001,22.98799471,-111.83069001,111.55775638,-37.52983495,22.98799471,-37.52983495,82.28343062,5.53974327,6.22823210,1.36525904,6.22823210,8.04290270,-4.42289290,1.36525904,-4.42289290,71.61624414
0.45650073,0.36226168,0.30359070,0.99991573,0.00450056,-0.01173377,0.00325539,156.36678676,-111.76856747,22.74219333,-111.76856747,110.99514250,-37.15133015,22.74219333,-37.15133015,81.95468741,6.03759083,6.15735438,1.95252279,6.15735438,7.67270241,-5.04223300,1.95252279,-5.04223300,70.94440776
0.45606179,0.36608959,0.30357140,0.99991515,0.00451166,-0.01178047,0.00325040,155.47769633,-111.71857665,22.51886835,-111.71857665,110.47311359,-36.79144610,22.51886835,-36.79144610,81.62752880,6.58386595,6.06017888,2.60761023,6.06017888,7.38673805,-5.70499964,2.60761023,-5.70499964,70.25072240
0.45547945,0.36990857,0.30354886,0.99991466,0.00451978,-0.01181965,0.00324723,154.64125387,-111.68157231,22.31808147,-111.68157231,109.99140628,-36.45076953,22.31808147,-36.45076953,81.30065798,7.18035798,5.93357385,3.33201160,5.93357385,7.18876943,-6.41296210,3.33201160,-6.41296210,69.54730819
0.45476042,0.37371869,0.30352326,0.99991426,0.00452512,-0.01185159,0.00324597,153.85625640,-111.65810567,22.13963247,-111.65810567,109.54943464,-36.12956831,22.13963247,-36.12956831,80.97263904,7.82862158,5.77470131,4.12619348,5.77470131,7.08139354,-7.16668552,4.12619348,-7.16668552,68.84384285
0.45391255,0.37751925,0.30349466,0.99991395,0.00452790,-0.01187653,0.00324670,153.12121983,-111.64844406,21.98308586,-111.64844406,109.14631062,-35.82781792,21.98308586,-35.82781792,80.64195810,8.52995401,5.58107025,4.98949141,5.58107025,7.06590864,-7.96541960,4.98949141,-7.96541960,68.14717138
0.45294464,0.38130873,0.30346303,0.99991372,0.00452835,-0.01189477,0.00324950,152.43439888,-111.65259498,21.84780159,-111.65259498,108.78087257,-35.54523464,21.84780159,-35.54523464,80.30708831,9.28538251,5.35057908,5.92003050,5.35057908,7.14221231,-8.80702291,5.92003050,-8.80702291,67.46101119
0.45186618,0.38508480,0.30342828,0.99991357,0.00452669,-0.01190655,0.00325443,151.79381129,-111.67033367,21.73296865,-111.67033367,108.45172023,-35.28131406,21.73296865,-35.28131406,79.96655606,10.09566273,5.08154536,6.91467782,5.08154536,7.30873961,-9.68792760,6.91467782,-9.68792760,66.78576892
0.45068712,0.38884451,0.30339025,0.99991350,0.00452315,-0.01191214,0.00326154,151.19726535,-111.70123343,21.63764053,-111.70123343,108.15725467,-35.03537341,21.63764053,-35.03537341,79.61900544,10.96128861,4.77272156,7.96902887,4.77272156,7.56244592,-10.60314716,7.96902887,-10.60314716,66.11848087
0.44941755,0.39258450,0.30334877,0.99991350,0.00451794,-0.01191178,0.00327089,150.64239004,-111.74469751,21.56077130,-111.74469751,107.89572136,-34.80659597,21.56077130,-34.80659597,79.26325845,11.88251347,4.42329613,9.07742859,4.42329613,7.89883665,-11.54632824,9.07742859,-11.54632824,65.45288343
0.44806740,0.39630132,0.30330371,0.99991356,0.00451127,-0.01190571,0.00328250,150.12666657,-111.79999163,21.50125125,-111.79999163,107.66525463,-34.59407588,21.50125125,-34.59407588,78.89836821,12.85938136,4.03288015,10.23302580,4.03288015,8.31204351,-12.50984510,10.23302580,-12.50984510,64.77961459
0.44664618,0.39999166,0.30325495,0.99991369,0.00450337,-0.01189416,0.00329640,149.64746045,-111.86627614,21.45794076,-111.86627614,107.46392175,-34.39686171,21.45794076,-34.39686171,78.52366315,13.89176687,3.60148044,11.42785801,3.60148044,8.79494487,-13.48493350,11.42785801,-13.48493350,64.08654123
0.44516265,0.40365261,0.30320252,0.99991387,0.00449444,-0.01187734,0.00331259,149.20205299,-111.94263673,21.42970169,-111.94263673,107.28976508,-34.21399744,21.42970169,-34.21399744,78.13878035,14.97942131,3.12946092,12.65296224,3.12946092,9.33932518,-14.46185882,12.65296224,-14.46185882,63.35920160
0.44362456,0.40728186,0.30314650,0.99991412,0.00448468,-0.01185548,0.00333108,148.78767130,-112.02811296,21.41542517,-112.02811296,107.14084093,-34.04455946,21.41542517,-34.04455946,77.74368685,16.12202243,2.61749456,13.89850634,2.61749456,9.93606678,-15.43011195,13.89850634,-15.43011195,62.58134750
0.44203853,0.41087783,0.30308715,0.99991441,0.00447429,-0.01182875,0.00335186,148.40151611,-112.12172389,21.41405527,-112.12172389,107.01525404,-33.88768858,21.41405527,-33.88768858,77.33868811,17.31922446,2.06650877,15.15393450,2.06650877,10.57536601,-16.37862529,15.15393450,-16.37862529,61.73556654
0.44040987,0.41443961,0.30302485,0.99991475,0.00446344,-0.01179734,0.00337489,148.04078656,-112.22249012,21.42460804,-112.22249012,106.91118670,-33.74261643,21.42460804,-33.74261643,76.92442359,18.57070554,1.47762740,16.40812060,1.47762740,11.24696458,-17.29600101,16.40812060,-17.29600101,60.80396236
0.43874259,0.41796698,0.30296012,0.99991514,0.00445231,-0.01176142,0.00340013,147.70270168,-112.32945205,21.44618555,-112.32945205,106.82692223,-33.60868550,21.44618555,-33.60868550,76.50184965,19.87620889,0.85211258,17.64952319,0.85211258,11.94038714,-18.17074344,17.64952319,-18.17074344,59.76886886
0.43703947,0.42146025,0.30289360,0.99991557,0.00444105,-0.01172114,0.00342754,147.38451829,-112.44168407,21.47798499,-112.44168407,106.76086230,-33.48536298,21.47798499,-33.48536298,76.07221067,21.23557495,0.19130962,18.86633676,0.19130962,12.64517603,-18.99148841,18.86633676,-18.99148841,58.61357441
0.43530220,0.42492012,0.30282601,0.99991604,0.00442983,-0.01167666,0.00345705,147.08354502,-112.55830460,21.51930273,-112.55830460,106.71153825,-33.37224802,21.51930273,-33.37224802,75.63699957,22.64876152,-0.50340209,20.04663484,-0.50340209,13.35111526,-19.74722272,20.04663484,-19.74722272,57.32303218
0.43353157,0.42834740,0.30275808,0.99991654,0.00441878,-0.01162811,0.00348857,146.79715284,-112.67848225,21.56953369,-112.67848225,106.67761665,-33.26907303,21.56953369,-33.26907303,75.19790919,24.11584960,-1.23064961,21.17850206,-1.23064961,14.04843667,-20.42748862,21.17850206,-20.42748862,55.88453437
0.43172772,0.43174289,0.30269055,0.99991708,0.00440802,-0.01157560,0.00352202,146.52278220,-112.80143827,21.62816627,-112.80143827,106.65789949,-33.17569915,21.62816627,-33.17569915,74.75677652,25.63703299,-1.98909633,22.25015351,-1.98909633,14.72800256,-21.02256906,22.25015351,-21.02256906,54.28832972
0.42989041,0.43510713,0.30262405,0.99991765,0.00439767,-0.01151925,0.00355730,146.25794725,-112.92644567,21.69477332,-112.92644567,106.65131956,-33.09210666,21.69477332,-33.09210666,74.31552154,27.21259041,-2.77745963,23.25004135,-2.77745963,15.38146080,-21.52365107,23.25004135,-21.52365107,52.52816594
0.42801927,0.43844020,0.30255907,0.99991825,0.00438782,-0.01145917,0.00359430,146.00023760,-113.05282555,21.76899969,-113.05282555,106.65693182,-33.01838088,21.76899969,-33.01838088,73.87608298,28.84283927,-3.59451533,24.16694994,-3.59451533,16.00136941,-21.92296565,24.16694994,-21.92296565,50.60174054
0.42611401,0.44174162,0.30249594,0.99991888,0.00437855,-0.01139545,0.00363288,145.74731832,-113.17994113,21.85054681,-113.17994113,106.67390137,-32.95469434,21.85054681,-32.95469434,73.44035317,30.52807113,-4.43908846,24.99008191,-4.43908846,16.58128944,-22.21390375,24.99008191,-22.21390375,48.51104625
0.42417463,0.44501028,0.30243473,0.99991954,0.00436994,-0.01132818,0.00367291,145.49692879,-113.30719001,21.93915499,-113.30719001,106.70148901,-32.90128599,21.93915499,-32.90128599,73.01011412,32.26846919,-5.31003053,25.70913832,-5.31003053,17.11584556,-22.39110865,25.70913832,-22.39110865,46.26259862
0.42220160,0.44824435,0.30237529,0.99992022,0.00436205,-0.01125744,0.00371426,145.24688106,-113.43399535,22.03458406,-113.43399535,106.73903492,-32.85843821,22.03458406,-32.85843821,72.58697718,34.06400898,-6.20618392,26.31439661,-6.20618392,17.60075525,-22.45054582,26.31439661,-22.45054582,43.86753610
0.42019591,0.45144139,0.30231724,0.99992092,0.00435490,-0.01118332,0.00375676,144.99505843,-113.55979644,22.13659292,-113.55979644,106.78594152,-32.82645245,22.13659292,-32.82645245,72.17232834,35.91434416,-7.12633447,26.79679023,-7.12633447,18.03282787,-22.38955119,26.79679023,-22.38955119,41.34158483
0.41815918,0.45459843,0.30225999,0.99992165,0.00434855,-0.01110588,0.00380026,144.73941494,-113.68403933,22.24491869,-113.68403933,106.84165610,-32.80562425,22.24491869,-32.80562425,71.76728119,37.81867958,-8.06915380,27.14799319,-8.06915380,18.40993570,-22.20685965,27.14799319,-22.20685965,38.70488292
0.41609369,0.45771211,0.30220281,0.99992240,0.00434299,-0.01102522,0.00384460,144.47797622,-113.80616799,22.35925613,-113.80616799,106.90565382,-32.79621841,22.35925613,-32.79621841,71.37263935,39.77563507,-9.03313352,27.36051242,-9.03313352,18.73095926,-21.90261460,27.36051242,-21.90261460,35.98166221
0.41400232,0.46077887,0.30214483,0.99992317,0.00433823,-0.01094138,0.00388959,144.20884238,-113.92561643,22.47923801,-113.92561643,106.97742195,-32.79844495,22.47923801,-32.79844495,70.98887012,41.78310333,-10.01651339,27.42778958,-10.01651339,18.99570990,-21.47836005,27.42778958,-21.47836005,33.19978894
0.41188851,0.46379515,0.30208520,0.99992395,0.00433426,-0.01085446,0.00393508,143.93019313,-114.04180233,22.60441707,-114.04180233,107.05644555,-32.81243667,22.60441707,-32.81243667,70.61609029,43.83810668,-11.01720647,27.34431261,-11.01720647,19.20483251,-20.93701582,27.34431261,-20.93701582,30.39016908
0.40975617,0.46675754,0.30202306,0.99992476,0.00433108,-0.01076452,0.00398087,143.64029561,-114.15412237,22.73425029,-114.15412237,107.14219532,-32.83822872,22.73425029,-32.83822872,70.25406533,45.93665738,-12.03272396,27.10573582,-12.03272396,19.35969187,-20.28283662,27.10573582,-20.28283662,27.58602921
0.40760960,0.46966297,0.30195772,0.99992558,0.00432863,-0.01067165,0.00402679,143.33751491,-114.26194967,22.86808601,-114.26194967,107.23411777,-32.87574096,22.86808601,-32.87574096,69.90222203,48.07362717,-13.06010314,26.70900580,-13.06010314,19.46224617,-19.52135532,26.70900580,-19.52135532,24.82208921
0.40545326,0.47250878,0.30188862,0.99992642,0.00432689,-0.01057592,0.00407266,143.02032720,-114.36463330,23.00515467,-114.36463330,107.33162791,-32.92476342,23.00515467,-32.92476342,69.55967474,50.24263176,-14.09584171,26.15248858,-14.09584171,19.51491162,-18.65931069,26.15248858,-18.65931069,22.13364881
0.40329172,0.47529277,0.30181545,0.99992727,0.00432580,-0.01047743,0.00411830,142.68733548,-114.46150008,23.14456350,-114.46150008,107.43410476,-32.98494525,23.14456350,-32.98494525,69.22526426,52.43593614,-15.13584200,25.43609246,-15.13584200,19.52042226,-17.70455998,25.43609246,-17.70455998,19.55561560
0.40112947,0.47801322,0.30173813,0.99992814,0.00432530,-0.01037625,0.00416353,142.33728734,-114.55185860,23.28529582,-114.55185860,107.54088943,-33.05578758,23.28529582,-33.05578758,68.89760826,54.64438675,-16.17536835,24.56137942,-16.17536835,19.48168936,-16.66597664,24.56137942,-16.66597664,17.12150728
0.39897077,0.48066883,0.30165686,0.99992903,0.00432533,-0.01027250,0.00420819,141.96909441,-114.63500520,23.42621502,-114.63500520,107.65128577,-33.13664031,23.42621502,-33.13664031,68.57516143,56.85737557,-17.20902081,23.53165768,-17.20902081,19.40166479,-15.55333411,23.53165768,-15.55333411,14.86246464
0.39681956,0.48325863,0.30157209,0.99992992,0.00432583,-0.01016627,0.00425209,141.58185271,-114.71023176,23.56607352,-114.71023176,107.76456327,-33.22670298,23.56607352,-33.22670298,68.25628289,59.06284112,-18.23072784,22.35204776,-18.23072784,19.28321307,-14.37717649,22.35204776,-14.37717649,12.80631399
0.39467941,0.48578192,0.30148448,0.99993084,0.00432670,-0.01005767,0.00429508,141.17486322,-114.77683498,23.70352668,-114.77683498,107.87996200,-33.32502954,23.70352668,-33.32502954,67.93930822,61.24730986,-19.23376029,21.02951477,-19.23376029,19.12899619,-13.14867798,21.02951477,-13.14867798,10.97671797
0.39255340,0.48823816,0.30139488,0.99993176,0.00432787,-0.00994682,0.00433701,140.74765178,-114.83412662,23.83715129,-114.83412662,107.99669894,-33.43053697,23.83715129,-33.43053697,67.62262327,63.39598028,-20.21076801,19.57286087,-20.21076801,18.94137548,-11.87949270,19.57286087,-11.87949270,9.39245165
0.39044417,0.49062688,0.30130426,0.99993269,0.00432925,-0.00983385,0.00437771,140.29998751,-114.88144435,23.96546834,-114.88144435,108.11397543,-33.54201730,23.96546834,-33.54201730,67.30473634,65.49285057,-21.15383991,17.99267345,-21.15383991,18.72233387,-10.58159777,17.99267345,-10.58159777,8.06683601
0.38835389,0.49294769,0.30121362,0.99993364,0.00433075,-0.00971889,0.00441706,139.83189875,-114.91816274,24.08696934,-114.91816274,108.23098503,-33.65815273,24.08696934,-33.65815273,66.98434601,67.52088894,-22.05458726,16.30122647,-22.05458726,18.47342141,-9.26713215,16.30122647,-9.26713215,7.00735448
0.38628434,0.49520014,0.30112397,0.99993459,0.00433229,-0.00960207,0.00445492,139.34368583,-114.94370379,24.20014538,-114.94370379,108.34692144,-33.77753324,24.20014538,-33.77753324,66.66040166,69.46224402,-22.90424908,14.51233507,-22.90424908,18.19572590,-7.94823457,14.51233507,-7.94823457,6.21546936
0.38423697,0.49738378,0.30103623,0.99993555,0.00433377,-0.00948354,0.00449116,138.83592990,-114.95754665,24.30351796,-114.95754665,108.46098583,-33.89867624,24.30351796,-33.89867624,66.33215418,71.29849134,-23.69381784,12.64116589,-23.69381784,17.88986964,-6.63688369,12.64116589,-6.63688369,5.68664557
0.38221294,0.49949814,0.30095122,0.99993652,0.00433509,-0.00936345,0.00452568,138.30949711,-114.95923609,24.39567051,-114.95923609,108.57239311,-34.02004772,24.39567051,-34.02004772,65.99919508,73.01091009,-24.41418263,10.70400774,-24.41418263,17.55603199,-5.34474375,10.70400774,-5.34474375,5.41057836
0.38021327,0.50154275,0.30086954,0.99993750,0.00433617,-0.00924197,0.00455838,137.76553781,-114.94838940,24.47527950,-114.94838940,108.68037689,-34.14008420,24.47527950,-34.14008420,65.66148247,74.58078385,-25.05628652,8.71800990,-25.05628652,17.19399671,-4.08301861,8.71800990,-4.08301861,5.37161232
0.37823887,0.50351719,0.30079164,0.99993848,0.00433692,-0.00911925,0.00458916,137.20548037,-114.92470138,24.54114403,-114.92470138,108.78419269,-34.25721511,24.54114403,-34.25721511,65.31935324,75.98971768,-25.61129439,6.70089629,-25.61129439,16.80322186,-2.86231698,6.70089629,-2.86231698,5.54932949
0.37629062,0.50542111,0.30071776,0.99993947,0.00433724,-0.00899546,0.00461795,136.63101961,-114.88794748,24.59221281,-114.88794748,108.88311922,-34.36988499,24.59221281,-34.36988499,64.97352129,77.21996389,-26.07076709,4.67066541,-26.07076709,16.38292914,-1.69253082,4.67066541,-1.69253082,5.91927752
0.37436945,0.50725434,0.30064792,0.99994046,0.00433704,-0.00887077,0.00464468,136.04409973,-114.83798476,24.62760772,-114.83798476,108.97645764,-34.47657520,24.62760772,-34.47657520,64.62506212,78.25474889,-26.42683774,2.64528608,-26.42683774,15.93220921,-0.58272880,2.64528608,-0.58272880,6.45380359
0.37247637,0.50901691,0.30058198,0.99994145,0.00433625,-0.00874536,0.00466930,135.44689213,-114.77475097,24.64664310,-114.77475097,109.06352889,-34.57582475,24.64664310,-34.57582475,64.27538491,79.07859338,-26.67238621,0.64239878,-26.67238621,15.45013853,0.45893437,0.64239878,0.45893437,7.12295689
0.37061251,0.51070918,0.30051965,0.99994245,0.00433479,-0.00861941,0.00469177,134.84176836,-114.69826176,24.64884027,-114.69826176,109.14366901,-34.66625007,24.64884027,-34.66625007,63.92619315,79.67761939,-26.80120765,-1.32096809,-26.80120765,14.93590343,1.42529206,-1.32096809,1.42529206,7.89542210
0.36877909,0.51233184,0.30046050,0.99994344,0.00433257,-0.00849308,0.00471204,134.23126878,-114.60860622,24.63393690,-114.60860622,109.21622289,-34.74656350,24.63393690,-34.74656350,63.57943569,80.03983761,-26.80817144,-3.22865938,-26.80817144,14.38892665,2.31022330,-3.22865938,2.31022330,8.73944800
0.36697747,0.51388608,0.30040403,0.99994444,0.00432953,-0.00836656,0.00473011,133.61806745,-114.50594120,24.60189116,-114.50594120,109.28053657,-34.81559043,24.60189116,-34.81559043,63.23724977,80.15540985,-26.68936725,-5.06562533,-26.68936725,13.80899186,3.10869435,-5.06562533,3.10869435,9.62373850
0.36520908,0.51537355,0.30034969,0.99994543,0.00432560,-0.00824003,0.00474595,133.00493403,-114.39048446,24.55288064,-114.39048446,109.33594843,-34.87228504,24.55288064,-34.87228504,62.90189822,80.01688163,-26.44223474,-6.81812009,-26.44223474,13.19636156,3.81678477,-6.81812009,3.81678477,10.51827826
0.36347538,0.51679641,0.30029692,0.99994642,0.00432071,-0.00811366,0.00475957,132.39469341,-114.26250733,24.48729630,-114.26250733,109.38177989,-34.91574462,24.48729630,-34.91574462,62.57570253,79.61938090,-26.06567420,-8.47386390,-26.06567420,12.55188412,4.43169906,-8.47386390,4.43169906,11.39507025
0.36177788,0.51815734,0.30024518,0.99994741,0.00431480,-0.00798761,0.00477098,131.79018385,-114.12232704,24.40573189,-114.12232704,109.41732582,-34.94522248,24.40573189,-34.94522248,62.26097389,78.96077888,-25.56013507,-10.02216773,-25.56013507,11.87708610,4.95176458,-10.02216773,4.95176458,12.22876834
0.36011801,0.51945944,0.30019398,0.99994839,0.00430784,-0.00786207,0.00478018,131.19421460,-113.97029912,24.30896936,-113.97029912,109.44184527,-34.96013938,24.30896936,-34.96013938,61.95994398,78.04180975,-24.92767974,-11.45402057,-24.92767974,11.17424603,5.37641679,-11.45402057,5.37641679,12.99719364
0.35849709,0.52070618,0.30014294,0.99994936,0.00429976,-0.00773719,0.00478721,130.60952376,-113.80681031,24.19796071,-113.80681031,109.45455301,-34.96009349,24.19796071,-34.96009349,61.67469728,76.86614561,-24.17201982,-12.76214090,-24.17201982,10.44644643,5.70617235,-12.76214090,5.70617235,13.68172792
0.35691631,0.52190125,0.30009175,0.99995033,0.00429053,-0.00761313,0.00479209,130.03873741,-113.63227223,24.07380716,-113.63227223,109.45461227,-34.94486871,24.07380716,-34.94486871,61.40710669,75.44042368,-23.29852252,-13.94099457,-23.29852252,9.69760127,5.94259075,-13.94099457,5.94259075,14.26758248
0.35537660,0.52304843,0.30004026,0.99995129,0.00428011,-0.00749004,0.00479486,129.48433080,-113.44711605,23.93773613,-113.44711605,109.44112921,-34.91444133,23.93773613,-34.91444133,61.15877382,73.77422245,-22.31418458,-14.98678205,-22.31418458,8.93245641,6.08822479,-14.98678205,6.08822479,14.74394400
0.35387863,0.52415141,0.29998844,0.99995225,0.00426847,-0.00736806,0.00479557,128.94859258,-113.25178845,23.79107677,-113.25178845,109.41314956,-34.86898467,23.79107677,-34.86898467,60.93097561,71.87998424,-21.22757190,-15.89739797,-21.22757190,8.15656147,6.14656001,-15.89739797,6.14656001,15.10400215
0.35242272,0.52521370,0.29993639,0.99995319,0.00425560,-0.00724734,0.00479426,128.43359286,-113.04674887,23.63523466,-113.04674887,109.36965766,-34.80887161,23.63523466,-34.80887161,60.72461859,69.77288184,-20.04872330,-16.67236651,-20.04872330,7.37621194,6.12194338,-16.67236651,6.12194338,15.34486621
0.35100883,0.52623843,0.29988436,0.99995412,0.00424146,-0.00712799,0.00479098,127.94115596,-112.83246830,23.47166634,-112.83246830,109.30957832,-34.73467472,23.47166634,-34.73467472,60.54020187,67.47062807,-18.78901776,-17.31275546,-18.78901776,6.59836172,6.01950115,-17.31275546,6.01950115,15.46737971
0.34963653,0.52722833,0.29983272,0.99995505,0.00422605,-0.00701014,0.00478579,127.47283845,-112.60942938,23.30185414,-112.60942938,109.23178161,-34.64716357,23.30185414,-34.64716357,60.37779004,64.99322837,-17.46100557,-17.82107225,-17.46100557,5.83050681,5.84504637,-17.82107225,5.84504637,15.47584383
0.34830503,0.52818564,0.29978192,0.99995596,0.00420936,-0.00689389,0.00477873,127.02991318,-112.37812780,23.12728201,-112.37812780,109.13509064,-34.54729926,23.12728201,-34.54729926,60.23699674,62.36267817,-16.07820502,-18.20114450,-16.07820502,5.08054258,5.60497648,-18.20114450,5.60497648,15.37766173
0.34701316,0.52911214,0.29973248,0.99995686,0.00419139,-0.00677935,0.00476988,126.61335953,-112.13907478,22.94941255,-112.13907478,109.01829240,-34.43622562,22.94941255,-34.43622562,60.11697948,59.60260899,-14.65486782,-18.45798800,-14.65486782,4.35659787,5.30616200,-18.45798800,5.30616200,15.18291717
0.34575947,0.53000915,0.29968497,0.99995775,0.00417213,-0.00666659,0.00475928,126.22386034,-111.89280038,22.76966589,-111.89280038,108.88015126,-34.31525724,22.76966589,-34.31525724,60.01644601,56.73788967,-13.20571830,-18.59766437,-13.20571830,3.66685082,4.95582759,-18.59766437,4.95582759,14.90390205
0.34454230,0.53087762,0.29963995,0.99995863,0.00415161,-0.00655570,0.00474700,125.86180530,-111.63985718,22.58940062,-111.63985718,108.71942507,-34.18586409,22.58940062,-34.18586409,59.93367224,53.79419134,-11.74567262,-18.62713115,-11.74567262,3.01933230,4.56142758,-18.62713115,4.56142758,14.55460839
0.34335987,0.53171819,0.29959793,0.99995949,0.00412982,-0.00644675,0.00473309,125.52730073,-111.38082406,22.40989710,-111.38082406,108.53488319,-34.04965297,22.40989710,-34.04965297,59.86653124,50.79752726,-10.28954635,-18.55408658,-10.28954635,2.42172399,4.13051822,-18.55408658,4.13051822,14.15020121
0.34221037,0.53253128,0.29955940,0.99996034,0.00410679,-0.00633978,0.00471761,125.22018524,-111.11630966,22.23234338,-111.11630966,108.32532599,-33.90834586,22.23234338,-33.90834586,59.81253245,47.77378077,-8.85175944,-18.38681184,-8.85175944,1.88115890,3.67062969,-18.38681184,3.67062969,13.70648906
0.34109210,0.53331718,0.29952472,0.99996118,0.00408253,-0.00623485,0.00470062,124.94005064,-110.84695496,22.05782384,-110.84695496,108.08960516,-33.76375570,22.05782384,-33.76375570,59.76887006,44.74823602,-7.44604887,-18.13401316,-7.44604887,1.40403246,3.18914108,-18.13401316,3.18914108,13.23940904
0.34000349,0.53407608,0.29949419,0.99996201,0.00405707,-0.00613199,0.00468216,124.68626714,-110.57343485,21.88731064,-110.57343485,107.82664402,-33.61776004,21.88731064,-33.61776004,59.73247900,41.74512677,-6.08519931,-17.80466677,-6.08519931,0.99583218,2.69316170,-17.80466677,2.69316170,12.76454233
0.33894320,0.53480816,0.29946795,0.99996282,0.00403044,-0.00603121,0.00466229,124.45801201,-110.29645809,21.72165799,-110.29645809,107.53545720,-33.47227311,21.72165799,-33.47227311,59.70009653,38.78721870,-4.78080172,-17.40786920,-4.78080172,0.66099350,2.18942230,-17.40786920,2.18942230,12.29667513
0.33791010,0.53551358,0.29944607,0.99996362,0.00400267,-0.00593255,0.00464105,124.25430039,-110.01676568,21.56159921,-110.01676568,107.21516886,-33.32921723,21.56159921,-33.32921723,59.66832768,35.89543945,-3.54304901,-16.95269577,-3.54304901,0.40278788,1.68417919,-16.95269577,1.68417919,11.84941769
0.33690326,0.53619253,0.29942847,0.99996441,0.00397379,-0.00583598,0.00461850,124.07401729,-109.73512736,21.40774636,-109.73512736,106.86502878,-33.19049411,21.40774636,-33.19049411,59.63371213,33.08856866,-2.38057609,-16.44806962,-2.38057609,0.22324828,1.18313417,-16.44806962,1.18313417,11.43489157
0.33592192,0.53684522,0.29941499,0.99996518,0.00394384,-0.00574152,0.00459466,123.91594948,-109.45233633,21.26059232,-109.45233633,106.48442583,-33.05795707,21.26059232,-33.05795707,59.59279046,30.38299754,-1.30034962,-15.90264375,-1.30034962,0.12313478,0.69137227,-15.90264375,0.69137227,11.06349195
0.33496536,0.53747191,0.29940539,0.99996595,0.00391287,-0.00564915,0.00456958,123.77881641,-109.16920222,21.12051502,-109.16920222,106.07289820,-32.93338476,21.12051502,-32.93338476,59.54216775,27.79256417,-0.30761023,-15.32469763,-0.30761023,0.10194113,0.21331866,-15.32469763,0.21331866,10.74372846
0.33403289,0.53807289,0.29939933,0.99996670,0.00388091,-0.00555883,0.00454329,123.66129915,-108.88654268,20.98778353,-108.88654268,105.63014027,-32.81845727,20.98778353,-32.81845727,59.47857244,25.32846687,0.59413261,-14.72205010,0.59413261,0.15794117,-0.24728483,-14.72205010,-0.24728483,10.48214414
0.33312371,0.53864849,0.29939647,0.99996744,0.00384801,-0.00547054,0.00451582,123.56206659,-108.60517374,20.86256567,-108.60517374,105.15600581,-32.71473512,20.86256567,-32.71473512,59.39890912,22.99925443,1.40305539,-14.10198913,1.40305539,0.28827166,-0.68738400,-14.10198913,-0.68738400,10.28330885
0.33223688,0.53919912,0.29939642,0.99996816,0.00381421,-0.00538424,0.00448721,123.47979852,-108.32589949,20.74493684,-108.32589949,104.65050772,-32.62364165,20.74493684,-32.62364165,59.30030371,20.81088844,2.11892987,-13.47121882,2.11892987,0.48904655,-1.10459859,-13.47121882,-1.10459859,10.14988027
0.33137132,0.53972525,0.29939877,0.99996888,0.00377957,-0.00529988,0.00445746,123.41320506,-108.04950150,20.63488959,-108.04950150,104.11381426,-32.54644917,20.63488959,-32.54644917,59.18014041,18.76686963,2.74299337,-12.83582345,2.74299337,0.75549643,-1.49719261,-12.83582345,-1.49719261,10.08272308
0.33052577,0.54022744,0.29940315,0.99996958,0.00374414,-0.00521740,0.00442661,123.36104251,-107.77672836,20.53234372,-107.77672836,103.54624226,-32.48426899,20.53234372,-32.48426899,59.03608982,16.86841831,3.27778829,-12.20124761,3.27778829,1.08212594,-1.86403122,-12.20124761,-1.86403122,10.08107525
0.32969889,0.54070635,0.29940919,0.99997028,0.00370796,-0.00513675,0.00439466,123.32212542,-107.50828578,20.43715658,-107.50828578,102.94824769,-32.43804542,20.43715658,-32.43804542,58.86612814,15.11469696,3.72697946,-11.57229120,3.72697946,1.46288152,-2.20452696,-11.57229120,-2.20452696,10.14274927
0.32888926,0.54116273,0.29941658,0.99997096,0.00367110,-0.00505785,0.00436164,123.29533543,-107.24482781,20.34913315,-107.24482781,102.32041393,-32.40855346,20.34913315,-32.40855346,58.66854783,13.50306263,4.09515842,-10.95311777,4.09515842,1.89132234,-2.51857842,-10.95311777,-2.51857842,10.26435589
0.32809554,0.54159738,0.29942502,0.99997163,0.00363360,-0.00498064,0.00432755,123.27962675,-106.98694919,20.26803579,-106.98694919,101.66343852,-32.39640017,20.26803579,-32.39640017,58.44196022,12.02933673,4.38764326,-10.34727421,4.38764326,2.36078734,-2.80650432,-10.34727421,-2.80650432,10.44153876
0.32731645,0.54201118,0.29943427,0.99997229,0.00359551,-0.00490504,0.00429240,123.27402907,-106.73517935,20.19359346,-106.73517935,100.97811862,-32.40202902,20.19359346,-32.40202902,58.18529087,10.68808054,4.61028186,-9.75771985,4.61028186,2.86455262,-3.06897598,-9.75771985,-3.06897598,10.66920898
0.32655093,0.54240504,0.29944414,0.99997295,0.00355691,-0.00483097,0.00425620,123.27764809,-106.48997800,20.12551018,-106.48997800,100.26533598,-32.42572715,20.12551018,-32.42572715,57.89776876,9.47286638,4.76926512,-9.18686285,4.76926512,3.39597449,-3.30695043,-9.18686285,-3.30695043,10.94177072
0.32579814,0.54277986,0.29945447,0.99997359,0.00351783,-0.00475835,0.00421894,123.28966421,-106.25173246,20.06347268,-106.25173246,99.52604168,-32.46763478,20.06347268,-32.46763478,57.57891029,8.37653559,4.87095553,-8.63660203,4.87095553,3.94861448,-3.52160653,-8.63660203,-3.52160653,11.25333028
0.32505750,0.54313652,0.29946515,0.99997423,0.00347834,-0.00468709,0.00418063,123.30932976,-106.02075668,20.00715714,-106.02075668,98.76124107,-32.52775647,20.00715714,-32.52775647,57.22849918,7.39143678,4.92173492,-8.10837212,4.92173492,4.51634441,-3.71428558,-8.10837212,-3.71428558,11.59788347
0.32432873,0.54347584,0.29947608,0.99997485,0.00343849,-0.00461710,0.00414128,123.33596518,-105.79729177,19.95623515,-105.79729177,97.97197925,-32.60597362,19.95623515,-32.60597362,56.84656344,6.50963959,4.92787368,-7.60319083,4.92787368,5.09343017,-3.88643772,-7.60319083,-3.88643772,11.96947762
0.32361181,0.54379856,0.29948721,0.99997547,0.00339834,-0.00454830,0.00410086,123.36895454,-105.58150775,19.91037876,-105.58150775,97.15932669,-32.70205815,19.91037876,-32.70205815,56.43335024,5.72312094,4.89542263,-7.12170630,4.89542263,5.67459469,-4.03957477,-7.12170630,-4.03957477,12.36234662
