x,y,z,dx,dy,dz,k11,k12,k13,k21,k22,k23,k31,k32,k33,d11,d12,d13,d21,d22,d23,d31,d32,d33
0.55000000,0.00000000,0.30000000,0.00889318,-0.00384060,0.00016302,300.00000000,0.00000000,0.00000000,0.00000000,300.00000000,0.00000000,0.00000000,0.00000000,300.00000000,2.84614314,2.39050928,2.34452866,2.39050928,2.10133131,2.10163010,2.34452866,2.10163010,3.92156226
0.55008893,-0.00003841,0.30000163,0.01656373,-0.00670915,0.00034802,300.23090762,-0.30585738,-0.00748492,-0.30585738,298.98783709,-0.00495308,-0.00748492,-0.00495308,297.38676569,2.68755608,2.09823098,2.43301861,2.09823098,1.71958827,1.95681548,2.43301861,1.95681548,4.09293244
0.55033127,-0.00013418,0.30000696,0.03019001,-0.01110567,0.00075789,300.44942728,-0.63934543,-0.01174505,-0.63934543,297.95843823,-0.00944146,-0.01174505,-0.00944146,294.76106950,2.52613248,1.80518018,2.51599058,1.80518018,1.36856828,1.78349330,2.51599058,1.78349330,4.29741514
0.55069273,-0.00026052,0.30001679,0.04053453,-0.01297045,0.00125643,300.65379310,-1.00231340,-0.01205713,-1.00231340,296.91008611,-0.01348598,-0.01205713,-0.01348598,292.12211977,2.36268300,1.51351120,2.59197643,1.51351120,1.05583507,1.57859027,2.59197643,1.57859027,4.53851150
0.55114197,-0.00039359,0.30003209,0.04787970,-0.01259368,0.00186071,300.84207435,-1.39666565,-0.00762370,-1.39666565,295.84095643,-0.01712761,-0.00762370,-0.01712761,289.46911156,2.19810921,1.22556491,2.65944006,1.22556491,0.78935302,1.33901273,2.65944006,1.33901273,4.81972772
0.55165033,-0.00051239,0.30005400,0.05248069,-0.01024771,0.00258554,301.01217472,-1.82435078,0.00242553,-1.82435078,294.74912635,-0.02043203,0.00242553,-0.02043203,286.80123849,2.03339444,0.94383879,2.71680560,0.94383879,0.57736118,1.06171433,2.71680560,1.06171433,5.14449364
0.55219158,-0.00059855,0.30008380,0.05456483,-0.00618573,0.00344220,301.16183481,-2.28734879,0.01903039,-2.28734879,293.63258636,-0.02349457,0.01903039,-0.02349457,284.11770703,1.86959091,0.67094745,2.76249183,0.67094745,0.42821730,0.74377486,2.76249183,0.74377486,5.51606806
0.55274162,-0.00063611,0.30012285,0.05433154,-0.00063982,0.00443703,301.28863835,-2.78765587,0.04319478,-2.78765587,292.48925557,-0.02644547,0.04319478,-0.02644547,281.41775334,1.70780307,0.40957369,2.79495275,0.40957369,0.35021283,0.38248956,2.79495275,0.38248956,5.93743206
0.55327821,-0.00061134,0.30017254,0.05195333,0.00618131,0.00557013,301.39002237,-3.32726725,0.07597872,-3.32726725,291.31700048,-0.02945538,0.07597872,-0.02945538,278.70066269,1.54916727,0.16241043,2.81272353,0.16241043,0.35136150,-0.02453301,2.81272353,-0.02453301,6.41117239
0.55378069,-0.00051248,0.30023425,0.04757801,0.01409432,0.00683436,301.46329178,-3.90815800,0.11848798,-3.90815800,290.11365720,-0.03274076,0.11848798,-0.03274076,275.96579121,1.39482817,-0.06790532,2.81447075,-0.06790532,0.43916602,-0.47926692,2.81447075,-0.47926692,6.93935791
0.55422977,-0.00032946,0.30030923,0.04133263,0.02294251,0.00821481,301.50563849,-4.53226208,0.17186098,-4.53226208,288.87705673,-0.03656916,0.17186098,-0.03656916,273.21258987,1.24591223,-0.27886490,2.79904565,-0.27886490,0.62036948,-0.98316201,2.79904565,-0.98316201,7.52341317
0.55460734,-0.00005363,0.30039854,0.03332909,0.03259548,0.00968882,301.51416507,-5.20145006,0.23725327,-5.20145006,287.60505287,-0.04126417,0.23725327,-0.04126417,270.44063026,1.10349948,-0.46816459,2.76553839,-0.46816459,0.90069954,-1.53703808,2.76553839,-1.53703808,8.16399386
0.55489635,0.00032245,0.30050300,0.02367154,0.04294703,0.01122680,301.48591285,-5.91750589,0.31581950,-5.91750589,286.29555226,-0.04720958,0.31581950,-0.04720958,267.64963165,0.96859410,-0.63378373,2.71333117,-0.63378373,1.28461555,-2.14098484,2.71333117,-2.14098484,8.86086966
0.55508077,0.00080531,0.30062308,0.01246509,0.05391093,0.01279368,301.41789399,-6.68210312,0.40869338,-6.68210312,284.94654551,-0.05485275,0.40869338,-0.05485275,264.83948885,0.84209550,-0.77406102,2.64214775,-0.77406102,1.77506955,-2.79427250,2.64214775,-2.79427250,9.61282042
0.55514565,0.00140067,0.30075888,-0.00017462,0.06541498,0.01435097,301.30712712,-7.49678143,0.51696586,-7.49678143,283.55613870,-0.06470690,0.51696586,-0.06470690,262.01029994,0.72477075,-0.88776581,2.55209673,-0.88776581,2.37329297,-3.49527800,2.55209673,-3.49527800,10.41755173
0.55507728,0.00211361,0.30091010,-0.01411181,0.07739394,0.01585915,301.15067567,-8.36292380,0.64166204,-8.36292380,282.12258421,-0.07735198,0.64166204,-0.07735198,259.16239332,0.61723012,-0.97416072,2.44370623,-0.97416072,3.07862057,-4.24143186,2.44370623,-4.24143186,11.27163571
0.55486342,0.00294855,0.30107606,-0.02918213,0.08978251,0.01728027,300.94568796,-9.28173522,0.78371754,-9.28173522,280.64430973,-0.09343409,0.78371754,-0.09343409,256.29635310,0.51990680,-1.03305234,2.31794727,-1.03305234,3.88836251,-5.02918981,2.31794727,-5.02918981,12.17048210
0.55449364,0.00390926,0.30125571,-0.04518634,0.10250915,0.01858033,300.68943806,-10.25422343,0.94395479,-10.25422343,279.11994444,-0.11366334,0.94395479,-0.11366334,253.41304203,0.43304207,-1.06482704,2.17624420,-1.06482704,4.79773359,-5.85403268,2.17624420,-5.85403268,13.10834387
0.55395969,0.00499873,0.30144767,-0.06188746,0.11549215,0.01973129,300.37936610,-11.28118240,1.12306011,-11.28118240,277.54834147,-0.13880998,1.12306011,-0.13880998,250.51362110,0.35667701,-1.07046954,2.02047046,-1.07046954,5.79984649,-6.71049690,2.02047046,-6.71049690,14.07835987
0.55325589,0.00621910,0.30165033,-0.07901219,0.12863822,0.02071250,300.01311702,-12.36317895,1.32156216,-12.36317895,275.92859574,-0.16969895,1.32156216,-0.16969895,247.59956517,0.29065122,-1.05156268,1.85292887,-1.05156268,6.88577297,-7.59223641,1.85292887,-7.59223641,15.07263580
0.55237945,0.00757150,0.30186192,-0.09625721,0.14184400,0.02151142,299.58857636,-13.50054310,1.53981252,-13.50054310,274.26005655,-0.20720291,1.53981252,-0.20720291,244.67267388,0.23460921,-1.01026763,1.67631638,-1.01026763,8.04467354,-8.49211541,1.67631638,-8.49211541,16.08236263
0.55133074,0.00905598,0.30208056,-0.11330024,0.15500025,0.02212362,299.10390209,-14.69336226,1.77796900,-14.69336226,272.54233456,-0.25223388,1.77796900,-0.25223388,241.73507729,0.18801409,-0.94928501,1.49367381,-0.94928501,9.26399286,-9.40233002,1.49367381,-9.40233002,17.09797003
0.55011344,0.01067150,0.30230439,-0.12981516,0.16799787,0.02255203,298.55755153,-15.94147957,2.03598211,-15.94147957,270.77530286,-0.30573381,2.03598211,-0.30573381,238.78923604,0.15016850,-0.87179793,1.30832195,-0.87179793,10.52971486,-10.31455515,1.30832195,-10.31455515,18.10931056
0.54873444,0.01241594,0.30253160,-0.14548977,0.18073489,0.02280563,297.94830253,-17.24449624,2.31358525,-17.24449624,268.95909245,-0.36866422,2.31358525,-0.36866422,235.83793561,0.12024175,-0.78139929,1.12378603,-0.78139929,11.82666869,-11.22011209,1.12378603,-11.22011209,19.10586901
0.54720365,0.01428620,0.30276050,-0.16004428,0.19312360,0.02289769,297.27526841,-18.60177785,2.61028874,-18.60177785,267.09408218,-0.44199544,2.61028874,-0.44199544,232.88427479,0.09730231,-0.68200586,0.94371086,-0.68200586,13.13887425,-12.11015121,0.94371086,-12.11015121,20.07699024
0.54553356,0.01627841,0.30298955,-0.17324833,0.20509673,0.02284374,296.53790629,-20.01246428,2.92537789,-20.01246428,265.18088395,-0.52669542,2.92537789,-0.52669542,229.93164833,0.08035416,-0.57776266,0.77176976,-0.57776266,14.44991480,-12.97584362,0.77176976,-12.97584362,21.01211785
0.54373868,0.01838814,0.30321738,-0.18493448,0.21661231,0.02265952,295.73601890,-21.47548291,3.25791517,-21.47548291,263.22032372,-0.62371880,3.25791517,-0.62371880,226.98372410,0.06837575,-0.47294106,0.61156993,-0.47294106,15.74332301,-13.80857546,0.61156993,-13.80857546,21.90103624
0.54183487,0.02061066,0.30344274,-0.19500655,0.22765677,0.02235915,294.86974992,-22.98956445,3.60674613,-22.98956445,261.21341931,-0.73399619,3.60674613,-0.73399619,224.04441505,0.06035988,-0.37183429,0.46655776,-0.37183429,17.00296717,-14.60013872,0.46655776,-14.60013872,22.73410827
0.53983855,0.02294127,0.30366456,-0.20344196,0.23824637,0.02195365,293.93957341,-24.55326108,3.97050915,-24.55326108,259.16135580,-0.85842412,3.97050915,-0.85842412,221.11784643,0.05535296,-0.27865390,0.33992657,-0.27865390,18.21342501,-15.34291255,0.33992657,-15.34291255,23.50250126
0.53776603,0.02537559,0.30388182,-0.21028786,0.24842696,0.02145000,292.94627781,-26.16496609,4.34764834,-26.16496609,257.06545966,-0.99785567,4.34764834,-0.99785567,218.20831876,0.05249228,-0.19743017,0.23452987,-0.19743017,19.36033345,-16.03003020,0.23452987,-16.03003020,24.19839502
0.53563279,0.02790981,0.30409356,-0.21565198,0.25827222,0.02085083,291.89094541,-27.82293456,4.73642941,-27.82293456,254.92717240,-1.15309214,4.73642941,-1.15309214,215.32026717,0.05103979,-0.13191945,0.15280238,-0.13191945,20.43070501,-16.65552690,0.15280238,-16.65552690,24.81516615
0.53345299,0.03054103,0.30429883,-0.21968951,0.26788054,0.02015472,290.77492797,-29.52530438,5.13495800,-29.52530438,252.74802483,-1.32487557,5.13495800,-1.32487557,212.45821771,0.05041120,-0.08552048,0.09669089,-0.08552048,21.41320265,-17.21446534,0.09669089,-17.21446534,25.34754384
0.53123900,0.03326742,0.30449665,-0.22258773,0.27737052,0.01935712,289.59981958,-31.27011721,5.54119994,-31.27011721,250.52961258,-1.51388243,5.54119994,-1.51388243,209.62674127,0.05019946,-0.06120148,0.06759680,-0.06120148,22.29836750,-17.70303579,0.06759680,-17.70303579,25.79173347
0.52900123,0.03608844,0.30468598,-0.22455034,0.28687489,0.01845169,288.36742744,-33.05533869,5.95300302,-33.05533869,248.27357381,-1.72071832,5.95300302,-1.72071832,206.83040583,0.05019156,-0.06143933,0.06633158,-0.06143933,23.07879511,-18.11862913,0.06633158,-18.11862913,26.14550506
0.52674799,0.03900492,0.30486569,-0.22578278,0.29653314,0.01743198,287.07974173,-34.87887770,6.36811971,-34.87887770,245.98156953,-1.94591374,6.36811971,-1.94591374,204.07372776,0.05037815,-0.08817142,0.09308632,-0.08817142,23.74925808,-18.45988122,0.09308632,-18.45988122,26.40824441
0.52448558,0.04201910,0.30503462,-0.22647995,0.30648260,0.01629310,285.73890501,-36.73860409,6.78423049,-36.73860409,243.65526726,-2.18992089,6.78423049,-2.18992089,201.36112297,0.05095539,-0.14276072,0.14741614,-0.14276072,24.30677384,-18.72668818,0.14741614,-18.72668818,26.58096565
0.52221840,0.04513457,0.30519155,-0.22681662,0.31684864,0.01503333,284.34718228,-38.63236476,7.19896725,-38.63236476,241.29632823,-2.45311148,7.19896725,-2.45311148,198.69685864,0.05231883,-0.22597404,0.22823987,-0.22597404,24.75061800,-18.92019218,0.22823987,-18.92019218,26.66628431
0.51994924,0.04835608,0.30533528,-0.22694103,0.32773433,0.01365539,282.90693201,-40.55799781,7.60993644,-40.55799781,238.90639844,-2.73577544,7.60993644,-2.73577544,196.08500644,0.05504913,-0.33797344,0.33385545,-0.33797344,25.08228442,-19.04273824,0.33385545,-19.04273824,26.66835109
0.51767958,0.05168926,0.30546466,-0.22697135,0.33921064,0.01216713,281.42057878,-42.51334453,8.01474151,-42.51334453,236.48710378,-3.03812058,8.01474151,-3.03812058,193.52939811,0.05988998,-0.47832024,0.46197074,-0.47832024,25.30539413,-19.09780263,0.46197074,-19.09780263,26.59274679
0.51540982,0.05514029,0.30557863,-0.22699478,0.35130800,0.01058181,279.89058796,-44.49625941,8.41100452,-44.49625941,234.04004914,-3.36027313,8.41100452,-3.36027313,191.03358419,0.06771832,-0.64599132,0.60974970,-0.64599132,25.42555611,-19.08989433,0.60974970,-19.08989433,26.44634012
0.51313968,0.05871542,0.30567629,-0.22706893,0.36401037,0.00891769,278.31944266,-46.50461777,8.79638637,-46.50461777,231.56682151,-3.70227909,8.79638637,-3.70227909,188.60079696,0.07950783,-0.83940686,0.77387294,-0.83940686,25.45018380,-19.02443126,0.77387294,-19.02443126,26.23711058
0.51086844,0.06242050,0.30575698,-0.22722526,0.37725259,0.00719712,276.70962312,-48.53632143,9.16860559,-48.53632143,229.06899665,-4.06410630,9.16860559,-4.06410630,186.23391815,0.09628639,-1.05646892,0.95061181,-1.05646892,25.38827199,-18.90759383,0.95061181,-18.90759383,25.97394016
0.50859517,0.06626047,0.30582024,-0.22747408,0.39092160,0.00544529,275.06358867,-50.58930219,9.52545547,-50.58930219,226.54814932,-4.44564733,9.52545547,-4.44564733,183.93545249,0.11908895,-1.29460968,1.13591425,-1.29460968,25.25013984,-18.74615905,1.13591425,-18.74615905,25.66637841
0.50631896,0.07023893,0.30586588,-0.22781093,0.40486158,0.00368865,273.38376224,-52.66152340,9.86481928,-52.66152340,224.00586625,-4.84672281,9.86481928,-4.84672281,181.70750747,0.14890719,-1.55084839,1.32550054,-1.55084839,25.04714673,-18.54731914,1.32550054,-18.54731914,25.32438693
0.50403896,0.07435770,0.30589401,-0.22822358,0.41888281,0.00195340,271.67251728,-54.75097974,10.18468347,-54.75097974,221.44376162,-5.26708539,10.18468347,-5.26708539,179.55177998,0.18663790,-1.82185559,1.51496625,-1.82185559,24.79138867,-18.31848940,1.51496625,-18.31848940,24.95807052
0.50175449,0.07861658,0.30590495,-0.22869915,0.43277337,0.00026400,269.93216711,-56.85569540,10.48314882,-56.85569540,218.86349417,-5.70642393,10.48314882,-5.70642393,177.46955005,0.23303197,-2.10402312,1.69988958,-2.10402312,24.49538396,-18.06711085,1.69988958,-18.06711085,24.57740327
0.49946497,0.08301317,0.30589929,-0.22923050,0.44631265,-0.00135805,268.16495634,-58.97372080,10.75843942,-58.97372080,216.26678535,-6.16436793,10.75843942,-6.16436793,175.46168179,0.28864625,-2.39353821,1.87593976,-2.39353821,24.17175745,-17.80045357,1.87593976,-17.80045357,24.19195890
0.49716988,0.08754284,0.30587779,-0.22982102,0.45928539,-0.00289500,266.37305428,-61.10312817,11.00890952,-61.10312817,213.65543775,-6.64049185,11.00890952,-6.64049185,173.52863134,0.35380046,-2.68645974,2.03898284,-2.68645974,23.83293328,-17.52542723,2.03898284,-17.52542723,23.81065497
0.49486855,0.09219888,0.30584139,-0.23048710,0.47149484,-0.00433337,264.55855004,-63.24200614,11.23304824,-63.24200614,211.03135297,-7.13431923,11.23304824,-7.13431923,171.67046147,0.42854115,-2.97879483,2.18518144,-2.97879483,23.49084588,-17.24840504,2.18518144,-17.24840504,23.44152081
0.49256013,0.09697273,0.30579112,-0.23125798,0.48277385,-0.00566399,262.72344916,-65.38845364,11.42948222,-65.38845364,208.39654816,-7.64532636,11.42948222,-7.64532636,169.88686209,0.51261483,-3.26657366,2.31108502,-3.26657366,23.15667867,-16.97506739,2.31108502,-16.97506739,23.09149824
0.49024339,0.10185435,0.30572811,-0.23217270,0.49299292,-0.00688167,260.86967145,-67.54057332,11.59697633,-67.54057332,205.75317060,-8.17294522,11.59697633,-8.17294522,168.17717593,0.60545160,-3.54592078,2.41370752,-3.54592078,22.84063881,-16.71027046,2.41370752,-16.71027046,22.76628334
0.48791668,0.10683259,0.30565349,-0.23327463,0.50206450,-0.00798468,258.99904993,-69.69646466,11.73443247,-69.69646466,203.10350950,-8.71656563,11.73443247,-8.71656563,166.54042820,0.70616062,-3.81312113,2.49058983,-3.81312113,22.55177500,-16.45794437,2.49058983,-16.45794437,22.47021573
0.48557790,0.11189564,0.30556842,-0.23460408,0.50994344,-0.00897400,257.11333059,-71.85421716,11.84088679,-71.85421716,200.45000468,-9.27553638,11.84088679,-9.27553638,164.97535923,0.81353793,-4.06467927,2.53984553,-4.06467927,22.29784315,-16.22102395,2.53984553,-16.22102395,22.20621967
0.48322460,0.11703146,0.30547401,-0.23619011,0.51662366,-0.00985241,255.21417293,-74.01190355,11.91550535,-74.01190355,197.79525158,-9.84916533,11.91550535,-9.84916533,163.48045876,0.92608663,-4.29737087,2.56018858,-4.29737087,22.08522297,-16.00141383,2.56018858,-16.00141383,21.97579922
0.48085410,0.12222812,0.30537137,-0.23804244,0.52213181,-0.01062375,253.30315099,-76.16757346,11.95757845,-76.16757346,195.14200224,-10.43671829,11.95757845,-10.43671829,162.05400065,1.04204892,-4.50828566,2.55094324,-4.50828566,21.91888553,-15.79998779,2.55094324,-15.79998779,21.77908671
0.47846375,0.12747410,0.30526154,-0.24014449,0.52651870,-0.01129213,251.38175488,-78.31924755,11.96651387,-78.31924755,192.49316234,-11.03741689,11.96651387,-11.03741689,160.69407687,1.15944885,-4.69486155,2.51203686,-4.69486155,21.80241006,-15.61662101,2.51203686,-15.61662101,21.61494176
0.47605121,0.13275849,0.30514553,-0.24244858,0.52984982,-0.01186145,249.45139279,-80.46491233,11.94182923,-80.46491233,189.85178404,-11.65043534,11.94182923,-11.65043534,159.39862969,1.27614420,-4.85491011,2.44397709,-4.85491011,21.73804559,-15.45025219,2.44397709,-15.45025219,21.48109541
0.47361478,0.13807109,0.30502431,-0.24487297,0.53219506,-0.01233504,247.51339322,-82.60251568,11.88314362,-82.60251568,187.22105479,-12.27489627,11.88314362,-12.27489627,158.16548117,1.38988550,-4.98663383,2.34781586,-4.98663383,21.72681145,-15.29897146,2.34781586,-15.29897146,21.37433226
0.47115375,0.14340239,0.30489882,-0.24729512,0.53361340,-0.01271532,245.56900766,-84.72996339,11.79016888,-84.72996339,184.60428241,-12.90986586,11.79016888,-12.90986586,156.99235915,1.49838007,-5.08863604,2.22510273,-5.08863604,21.76862908,-15.16012897,2.22510273,-15.16012897,21.29070215
0.46866887,0.14874336,0.30477000,-0.24954239,0.53413510,-0.01300358,243.61941350,-86.84511663,11.66270061,-86.84511663,182.00487650,-13.55434836,11.66270061,-13.55434836,155.87691923,1.59935848,-5.15992434,2.07783043,-5.15992434,21.86247680,-15.03045889,2.07783043,-15.03045889,21.22575169
0.46616290,0.15408509,0.30463875,-0.25139292,0.53375389,-0.01320002,241.66571725,-88.94579055,11.50060923,-88.94579055,179.42632666,-14.20728020,11.50060923,-14.20728020,154.81676251,1.69064143,-5.19990879,1.90837561,-5.19990879,22.00655875,-14.90621294,1.90837561,-14.90621294,21.17476612
0.46364102,0.15941844,0.30450600,-0.25258731,0.53243024,-0.01330412,239.70895811,-91.02975413,11.30383138,-91.02975413,176.87217779,-14.86752408,11.30383138,-14.86752408,153.80944884,1.77020442,-5.20839586,1.71943731,-5.20839586,22.19847935,-14.78329813,1.71943731,-14.78329813,21.13301163
0.46111115,0.16473370,0.30437267,-0.25284391,0.53009906,-0.01331503,237.75011183,-93.09473137,11.07236179,-93.09473137,174.34600285,-15.53386310,11.07236179,-15.53386310,152.85250576,1.83623842,-5.18557914,1.51397558,-5.18557914,22.43541530,-14.65741367,1.51397558,-14.65741367,21.09596926
0.45858414,0.17002042,0.30423970,-0.25187562,0.52668012,-0.01323181,235.79009481,-95.13840387,10.80624599,-95.13840387,171.85137342,-16.20499520,10.80624599,-16.20499520,151.94343342,1.88720454,-5.13202765,1.29515199,-5.13202765,22.71427791,-14.52418283,1.29515199,-14.52418283,21.05955208
0.45607364,0.17526730,0.30410803,-0.24940677,0.52209082,-0.01305361,233.82976864,-97.15841499,10.50557396,-97.15841499,169.39182855,-16.87952830,10.50557396,-16.87952830,151.07970589,1.92188117,-5.04867221,1.06627320,-5.04867221,23.03185989,-14.37927612,1.06627320,-14.37927612,21.02029864
0.45359600,0.18046224,0.30397863,-0.24518924,0.51626003,-0.01277964,231.86994487,-99.15237575,10.17047507,-99.15237575,166.97084215,-17.55597615,10.17047507,-17.55597615,150.25876950,1.93940227,-4.93679034,0.83073833,-4.93679034,23.38496178,-14.21852327,0.83073833,-14.21852327,20.97553677
0.45116986,0.18559250,0.30385244,-0.23901637,0.50914203,-0.01240915,229.91139012,-101.11787237,9.80111442,-101.11787237,164.59178945,-18.23275531,9.80111442,-18.23275531,149.47803896,1.93928578,-4.79798949,0.59199004,-4.79798949,23.77049475,-14.03801221,0.59199004,-14.03801221,20.92351297
0.44881568,0.19064508,0.30373044,-0.23073402,0.50072926,-0.01194144,227.95483149,-103.05247578,9.39769080,-103.05247578,162.25791303,-18.90818353,9.39769080,-18.90818353,148.73489193,1.92145135,-4.63418831,0.35346900,-4.63418831,24.18555760,-13.83417387,0.35346900,-13.83417387,20.86348390
0.44655518,0.19560709,0.30361361,-0.22024816,0.49106255,-0.01137592,226.00096239,-104.95375302,8.96043640,-104.95375302,159.97228882,-19.58047960,8.96043640,-19.58047960,148.02666325,1.88622678,-4.44759565,0.11857084,-4.44759565,24.62748701,-13.60385258,0.11857084,-13.60385258,20.79576761
0.44441071,0.20046633,0.30350293,-0.20752905,0.48023784,-0.01071240,224.05044856,-106.81928065,8.48961834,-106.81928065,157.73779276,-20.24776520,8.48961834,-20.24776520,147.35063949,1.83434285,-4.24068628,-0.10939534,-4.24068628,25.09388133,-13.34436203,-0.10939534,-13.34436203,20.72175292
0.44240460,0.20521184,0.30339936,-0.19261239,0.46840843,-0.00995158,222.10393452,-108.64666004,7.98554210,-108.64666004,155.55706874,-20.90806880,7.98554210,-20.90806880,146.70405490,1.76691644,-4.01617285,-0.32724824,-4.01617285,25.58259868,-13.05352736,-0.32724824,-13.05352736,20.64386689
0.44055846,0.20983450,0.30330389,-0.17559810,0.45578234,-0.00909570,220.16205028,-110.43353463,7.44855687,-110.43353463,153.43249865,-21.55933207,7.44855687,-21.55933207,146.08408977,1.68542192,-3.77697309,-0.53197625,-3.77697309,26.09173151,-12.72971401,-0.53197625,-12.72971401,20.56550072
0.43889263,0.21432749,0.30321745,-0.15664748,0.44261479,-0.00814923,218.22541837,-112.17760895,6.87906267,-112.17760895,151.36617511,-22.19941884,6.87906267,-22.19941884,145.48787200,1.59165144,-3.52617186,-0.72078104,-3.52617186,26.61955990,-12.37184427,-0.72078104,-12.37184427,20.49089608
0.43742551,0.21868679,0.30314091,-0.13597965,0.42919643,-0.00711959,216.29466115,-113.87666913,6.27751916,-113.87666913,149.35987797,-22.82612713,6.27751916,-22.82612713,144.91248275,1.48766464,-3.26697740,-0.89112313,-3.26697740,27.16448687,-11.97940236,-0.89112313,-11.97940236,20.42499465
0.43617304,0.22291142,0.30307506,-0.11386737,0.41583824,-0.00601756,214.37040836,-115.52860480,5.64445593,-115.52860480,147.41505529,-23.43720406,5.64445593,-23.43720406,144.35496676,1.37572894,-3.00267194,-1.04076964,-3.00267194,27.72495926,-11.55242891,-1.04076964,-11.55242891,20.37325491
0.43514817,0.22700356,0.30302056,-0.09063251,0.40285478,-0.00485746,212.45330482,-117.13143180,4.98048404,-117.13143180,145.53280959,-24.03036407,4.98048404,-24.03036407,143.81234782,1.25825195,-2.73655689,-1.16784354,-2.73655689,28.29937826,-11.09150580,-1.16784354,-11.09150580,20.34144169
0.43436039,0.23096851,0.30297791,-0.06664072,0.39054714,-0.00365695,210.54401824,-118.68331540,4.28630833,-118.68331540,143.71389016,-24.60331024,4.28630833,-24.60331024,143.28164974,1.13770793,-2.47189344,-1.27087345,-2.47189344,28.88600385,-10.59773224,-1.27087345,-10.59773224,20.33539512
0.43381535,0.23481450,0.30294742,-0.04229474,0.37918763,-0.00243642,208.64324698,-120.18259353,3.56274035,-120.18259353,141.95869204,-25.15375865,3.56274035,-25.15375865,142.75992262,1.01656060,-2.21183986,-1.34884214,-2.21183986,29.48285794,-10.07269273,-1.34884214,-10.07269273,20.36078684
0.43351450,0.23855227,0.30292918,-0.01802546,0.36900728,-0.00121808,206.75172772,-121.62779931,2.81071118,-121.62779931,140.26726198,-25.67946566,2.81071118,-25.67946566,142.24427426,0.89718513,-1.95938738,-1.40123174,-1.95938738,30.08763083,-9.51841806,-1.40123174,-9.51841806,20.42287263
0.43345484,0.24219465,0.30292306,0.00571958,0.36018729,-0.00002487,204.87024277,-123.01768239,2.03128395,-123.01768239,138.63931173,-26.17825749,2.03128395,-26.17825749,141.73190608,0.78179235,-1.71729658,-1.42806303,-1.71729658,30.69759572,-8.93734009,-1.42806303,-8.93734009,20.52625104
0.43362889,0.24575601,0.30292868,0.02849070,0.35285489,0.00112074,202.99962695,-124.35122854,1.22566541,-124.35122854,137.07423842,-26.64806182,1.22566541,-26.64806182,141.22015258,0.67235843,-1.48803696,-1.42992599,-1.48803696,31.30953578,-8.33224146,-1.42992599,-8.33224146,20.67463833
0.43402466,0.24925174,0.30294547,0.04985321,0.34708331,0.00219774,201.14077378,-125.62767666,0.39521608,-125.62767666,135.57115182,-27.08694049,0.39521608,-27.08694049,140.70652335,0.57056319,-1.27373212,-1.40799893,-1.27373212,31.91968786,-7.70620121,-1.40799893,-7.70620121,20.87066966
0.43462595,0.25269768,0.30297264,0.06940626,0.34289530,0.00318752,199.29464092,-126.84653291,-0.45854138,-126.84653291,134.12890773,-27.49312274,-0.45854138,-27.49312274,140.18874613,0.47774045,-1.07611327,-1.36405352,-1.07611327,32.52370627,-7.06253778,-1.36405352,-7.06253778,21.11573598
0.43541278,0.25610965,0.30300922,0.08680201,0.34026912,0.00407439,197.46225451,-128.00758126,-1.33391609,-128.00758126,132.74614659,-27.86503794,-1.33391609,-27.86503794,139.66480938,0.39484276,-0.89648320,-1.30044356,-0.89648320,33.11664947,-6.40475060,-1.30044356,-6.40475060,21.40986457
0.43636199,0.25950306,0.30305413,0.10176322,0.33914586,0.00484588,195.64471239,-129.11089021,-2.22904547,-129.11089021,131.42133620,-28.20134687,-2.22904547,-28.20134687,139.13300290,0.32242315,-0.73569294,-1.22007581,-0.73569294,33.69299127,-5.73646160,-1.22007581,-5.73646160,21.75164968
0.43744805,0.26289257,0.30310614,0.11409736,0.33943683,0.00549274,193.84318604,-130.15681529,-3.14189460,-130.15681529,130.15281713,-28.50097058,-3.14189460,-28.50097058,138.59195468,0.26063516,-0.59413226,-1.12636211,-0.59413226,34.24665724,-5.06135835,-1.12636211,-5.06135835,22.13823722
0.43864394,0.26629180,0.30316398,0.12370532,0.34103022,0.00600882,192.05892105,-131.14599726,-4.07025869,-131.14599726,128.93884928,-28.76311600,-4.07025869,-28.76311600,138.04066253,0.20925202,-0.47173504,-1.02315278,-0.47173504,34.77108608,-4.38314000,-1.02315278,-4.38314000,22.56536503
0.43992215,0.26971317,0.30322632,0.13058347,0.34379651,0.00639077,190.29323608,-132.07935599,-5.01176874,-132.07935599,127.77765818,-28.98729712,-5.01176874,-28.98729712,137.47851908,0.16770475,-0.36799927,-0.91465201,-0.36799927,35.25931433,-3.70546735,-0.91465201,-3.70546735,23.02745752
0.44125561,0.27316773,0.30329180,0.13481842,0.34759230,0.00663786,188.54752028,-132.95808014,-5.96390033,-132.95808014,126.66747936,-29.17335129,-5.96390033,-29.17335129,136.90532895,0.13513822,-0.28202131,-0.80531723,-0.28202131,35.70408193,-3.03191838,-0.80531723,-3.03191838,23.51777100
0.44261852,0.27666502,0.30335907,0.13657467,0.35226296,0.00675184,186.82322902,-133.78361289,-6.92398562,-133.78361289,125.60659940,-29.32144982,-6.92398562,-29.32144982,136.32131719,0.11048327,-0.21254269,-0.69974468,-0.21254269,36.09795561,-2.36594987,-0.69974468,-2.36594987,24.02858346
0.44398710,0.28021299,0.30342683,0.13607656,0.35764452,0.00673692,185.12187811,-134.55763417,-7.88922842,-134.55763417,124.59339231,-29.43210244,-7.88922842,-29.43210244,135.72712829,0.09254236,-0.15800779,-0.60254453,-0.15800779,36.43346600,-1.71086607,-0.60254453,-1.71086607,24.55142092
0.44534005,0.28381791,0.30349381,0.13358610,0.36356534,0.00659983,183.44503614,-135.28203977,-8.85672204,-135.28203977,123.62635026,-29.50615555,-8.85672204,-29.50615555,135.12381557,0.08008557,-0.11662983,-0.51820895,-0.11662983,36.70325433,-1.06979456,-0.51820895,-1.06979456,25.07731079
0.44665882,0.28748429,0.30355883,0.12937963,0.36984812,0.00635004,181.79431466,-135.95891839,-9.82347022,-135.95891839,122.70410742,-29.54478413,-9.82347022,-29.54478413,134.51282082,0.07195352,-0.08646250,-0.45097707,-0.08646250,36.90022442,-0.44566936,-0.45097707,-0.44566936,25.59705210
0.44792765,0.29121487,0.30362081,0.12372556,0.37631267,0.00599980,180.17135300,-136.59052865,-10.78641185,-136.59052865,121.82545563,-29.54947833,-10.78641185,-29.54947833,133.89594385,0.06716324,-0.06547441,-0.40470079,-0.06547441,37.01769554,0.15877882,-0.40470079,0.15877882,26.10149221
0.44913334,0.29501055,0.30367883,0.11686595,0.38277962,0.00556412,178.57776791,-137.17929393,-11.74246226,-137.17929393,120.98934176,-29.52203214,-11.74246226,-29.52203214,133.27529738,0.06501334,-0.05162364,-0.38271524,-0.05162364,37.04955211,0.74102596,-0.38271524,0.74102596,26.58179968
0.45026496,0.29887046,0.30373210,0.10900369,0.38907485,0.00506058,177.01437086,-137.72821249,-12.68886589,-137.72821249,120.19462090,-29.46470303,-12.68886589,-29.46470303,132.65312270,0.06518451,-0.04292957,-0.38771779,-0.04292957,36.99038657,1.29875250,-0.38771779,1.29875250,27.02972417
0.45131341,0.30279205,0.30378004,0.10029646,0.39503468,0.00450877,176.49712141,-137.67286868,-13.19600782,-137.67286868,119.75754637,-29.14135608,-13.19600782,-29.14135608,132.21138119,0.06783173,-0.03753982,-0.42165896,-0.03753982,36.83563211,1.82983655,-0.42165896,1.82983655,27.43783480
0.45227089,0.30677116,0.30382227,0.09085750,0.40051125,0.00392955,176.44861501,-137.35293603,-13.50814137,-137.35293603,119.48181964,-28.69831149,-13.50814137,-28.69831149,131.84725283,0.07366484,-0.03379008,-0.48564853,-0.03379008,36.58168241,2.33234375,-0.48564853,2.33234375,27.79973011
0.45313056,0.31080227,0.30385863,0.08076243,0.40537779,0.00334401,180.90918684,-134.70760743,-11.98692503,-134.70760743,120.42003415,-27.30312703,-11.98692503,-27.30312703,132.22564255,0.08401418,-0.03025527,-0.57987982,-0.03025527,36.22599582,2.80451521,-0.57987982,2.80451521,28.11021368
0.45388614,0.31487871,0.30388915,0.07006046,0.40953344,0.00277233,179.49609140,-135.11629908,-12.85874901,-135.11629908,119.78924971,-27.14796417,-12.85874901,-27.14796417,131.62711953,0.10087849,-0.02579058,-0.70357468,-0.02579058,35.76718199,3.24475487,-0.70357468,3.24475487,28.36543112
0.45453177,0.31899294,0.30391408,0.05878801,0.41290717,0.00223262,178.12210145,-135.49783747,-13.70569769,-135.49783747,119.19801531,-26.97573657,-13.70569769,-26.97573657,131.04131201,0.12695262,-0.01956153,-0.85495164,-0.01956153,35.20506895,3.65161765,-0.85495164,3.65161765,28.56296509
0.45506190,0.32313686,0.30393380,0.04698231,0.41546046,0.00173977,176.78857130,-135.85484049,-14.52518721,-135.85484049,118.64617465,-26.78933768,-14.52518721,-26.78933768,130.47099325,0.16563274,-0.01106237,-1.03121929,-0.01106237,34.54074891,4.02379974,-1.03121929,4.02379974,28.70188627
0.45547142,0.32730215,0.30394887,0.03469309,0.41718842,0.00130465,175.49610672,-136.19013404,-15.31506111,-136.19013404,118.13347443,-26.59175600,-15.31506111,-26.59175600,129.91868225,0.22099745,-0.00012248,-1.22859655,-0.00012248,33.77660131,4.36013220,-1.22859655,4.36013220,28.78275913
0.45575576,0.33148062,0.30395990,0.02199070,0.41811896,0.00093347,175.52804689,-135.95914684,-15.60782227,-135.95914684,117.89314144,-26.18731294,-15.60782227,-26.18731294,129.55562051,0.29776352,0.01309931,-1.44236125,0.01309931,32.91629171,4.65957889,-1.44236125,4.65957889,28.80760238
0.45591123,0.33566453,0.30396754,0.00896975,0.41830974,0.00062768,175.15885192,-135.91461020,-16.03669293,-135.91461020,117.59921229,-25.85458484,-16.03669293,-25.85458484,129.15037334,0.40121558,0.02813217,-1.66692769,0.02813217,31.96474528,4.92123940,-1.66692769,4.92123940,28.77980473
0.45593516,0.33984682,0.30397245,-0.00425183,0.41784283,0.00038411,175.00493893,-135.80745517,-16.38456056,-135.80745517,117.35482323,-25.50771499,-16.38456056,-25.50771499,128.78043116,0.53710999,0.04422209,-1.89595335,0.04422209,30.92809407,5.14435745,-1.89595335,5.14435745,28.70399770
0.45582619,0.34402138,0.30397522,-0.01753794,0.41681716,0.00019557,191.20009667,-129.63041730,-11.37505211,-129.63041730,119.39872110,-23.18382550,-11.37505211,-23.18382550,130.17222190,0.71155381,0.06037133,-2.12247406,0.06037133,29.81359769,5.32833486,-2.12247406,5.32833486,28.58588818
0.45558440,0.34818316,0.30397636,-0.03074248,0.41533928,0.00005177,190.15216320,-129.88175091,-11.98085154,-129.88175091,119.08209982,-22.96718126,-11.98085154,-22.96718126,129.74201305,0.93086094,0.07538734,-2.33906563,0.07538734,28.62953741,5.47275080,-2.33906563,5.47275080,28.43205455
0.45521134,0.35232817,0.30397626,-0.04371912,0.41351331,-0.00005965,189.15056591,-130.12381899,-12.54770631,-130.12381899,118.80267807,-22.75417574,-12.54770631,-22.75417574,129.33897148,1.20138853,0.08793982,-2.53802926,0.08793982,27.38508492,5.57738559,-2.53802926,5.57738559,28.24971146
0.45471002,0.35645343,0.30397517,-0.05633128,0.41143115,-0.00015193,188.19540672,-130.35824223,-13.07515969,-130.35824223,118.55963245,-22.54661527,-13.07515969,-22.54661527,128.96315538,1.52935808,0.09662430,-2.71159623,0.09662430,26.09014749,5.64224802,-2.71159623,5.64224802,28.04644973
0.45408472,0.36055679,0.30397322,-0.06846081,0.40916426,-0.00023807,187.28658378,-130.58648176,-13.56307164,-130.58648176,118.35195598,-22.34605486,-13.56307164,-22.34605486,128.61417002,1.92066647,0.10003014,-2.85214653,0.10003014,24.75519254,5.66760480,-2.85214653,5.66760480,27.82995898
0.45334080,0.36463671,0.30397041,-0.08001444,0.40675832,-0.00032986,186.42379208,-130.80983964,-14.01161260,-130.80983964,118.17845290,-22.15378992,-14.01161260,-22.15378992,128.29118030,2.38069370,0.09681070,-2.95243448,0.09681070,23.39105577,5.65401033,-2.95243448,5.65401033,27.60774219
0.45248443,0.36869196,0.30396662,-0.09092729,0.40423152,-0.00043718,185.60652767,-131.02946182,-14.42125135,-131.02946182,118.03773982,-21.97085407,-14.42125135,-21.97085407,127.99293551,2.91411441,0.08575316,-3.00581384,0.08575316,22.00873798,5.60233488,-3.00581384,5.60233488,27.38683186
0.45152226,0.37272134,0.30396166,-0.10116340,0.40157700,-0.00056756,184.83409538,-131.24634342,-14.79273741,-131.24634342,117.92825301,-21.79802301,-14.79273741,-21.79802301,127.71780579,3.52472100,0.06584539,-3.00645368,0.06584539,20.61919657,5.51378914,-3.00645368,5.51378914,27.17351880
0.45046116,0.37672350,0.30395527,-0.11071363,0.39876904,-0.00072609,184.10561983,-131.46133612,-15.12707821,-131.46133612,117.84826160,-21.63582415,-15.12707821,-21.63582415,127.46382916,4.21526621,0.03633716,-2.94953652,0.03633716,19.23313843,5.38994315,-2.94953652,5.38994315,26.97310401
0.44930798,0.38069672,0.30394714,-0.11959162,0.39577214,-0.00091548,183.42005938,-131.67515740,-15.42551181,-131.67515740,117.79588608,-21.48455160,-15.42551181,-21.48455160,127.22876776,4.98733246,-0.00320678,-2.83143021,-0.00320678,17.86082143,5.23273759,-2.83143021,5.23273759,26.78968449
0.44806933,0.38463894,0.30393696,-0.12782858,0.39255151,-0.00113640,182.77622248,-131.88840116,-15.68947592,-131.88840116,117.76912129,-21.34428596,-15.68947592,-21.34428596,127.01017123,5.84123446,-0.05286409,-2.64982592,-0.05286409,16.51187121,5.04448604,-2.64982592,5.04448604,26.62598217
0.44675141,0.38854775,0.30392441,-0.13546789,0.38908325,-0.00138782,182.17278604,-132.10154962,-15.92057425,-132.10154962,117.76586301,-21.21491800,-15.92057425,-21.21491800,126.80544522,6.77596011,-0.11232446,-2.40383591,-0.11232446,15.19512010,4.82786690,-2.40383591,4.82786690,26.48322413
0.44535997,0.39242061,0.30390921,-0.14256010,0.38536257,-0.00166736,181.60831499,-132.31498587,-16.12054127,-132.31498587,117.78393706,-21.09617550,-16.12054127,-21.09617550,126.61192245,7.78915289,-0.18087279,-2.09404660,-0.18087279,13.91847344,4.58590440,-2.09404660,4.58590440,26.36107976
0.44390021,0.39625501,0.30389107,-0.14915892,0.38140882,-0.00197154,181.08128251,-132.52900678,-16.29120641,-132.52900678,117.82112979,-20.98765222,-16.29120641,-20.98765222,126.42693401,8.87713695,-0.25738668,-1.72252453,-0.25738668,12.68880792,4.32193863,-1.72252453,4.32193863,26.25765820
0.44237679,0.40004878,0.30386977,-0.15531828,0.37726637,-0.00229594,180.59009029,-132.74383593,-16.43445901,-132.74383593,117.87521875,-20.88883795,-16.43445901,-20.88883795,126.24787825,10.03498384,-0.34034818,-1.29277516,-0.34034818,11.51190448,4.03958503,-1.29277516,4.03958503,26.16956665
0.44079384,0.40380033,0.30384515,-0.16109052,0.37300150,-0.00263524,180.13308826,-132.95963610,-16.55221487,-132.95963610,117.94400258,-20.79914875,-16.55221487,-20.79914875,126.07228507,11.25661760,-0.42786915,-0.80965687,-0.42786915,10.39241704,3.74268448,-0.80965687,3.74268448,26.09202714
0.43915498,0.40750881,0.30381707,-0.16652540,0.36869566,-0.00298320,179.70859321,-133.17652110,-16.64638532,-133.17652110,118.02532902,-20.71795627,-16.64638532,-20.71795627,125.89787346,12.53495320,-0.51772907,-0.27925447,-0.51772907,9.33387631,3.43524557,-0.27925447,3.43524557,26.01904701
0.43746334,0.41117425,0.30378548,-0.17166951,0.36443623,-0.00333268,179.31490596,-133.39456666,-16.71884979,-133.39456666,118.11712039,-20.64461549,-16.71884979,-20.64461549,125.72260060,13.86206141,-0.60742338,0.29128139,-0.60742338,8.33872644,3.12138084,0.29128139,3.12138084,25.94363577
0.43572159,0.41479754,0.30375042,-0.17656591,0.36030620,-0.00367577,178.95032679,-133.61382004,-16.77143213,-133.61382004,118.21739560,-20.57848999,-16.77143213,-20.57848999,125.54470125,15.22935258,-0.69422041,0.89392141,-0.69422041,7.40839079,2.80523933,0.89392141,2.80523933,25.85805950
0.43393202,0.41838037,0.30371197,-0.18125352,0.35637402,-0.00400399,178.61316889,-133.83430844,-16.80588129,-133.83430844,118.32428864,-20.51897423,-16.80588129,-20.51897423,125.36271652,16.62777063,-0.77522437,1.51996294,-0.77522437,6.54336213,2.49093752,1.51996294,2.49093752,25.75412239
0.43209652,0.42192502,0.30367034,-0.18576617,0.35268518,-0.00430878,178.30176980,-134.05604593,-16.82385644,-134.05604593,118.43606294,-20.46551243,-16.82385644,-20.46551243,125.17551162,18.04798918,-0.84744208,2.16024487,-0.84744208,5.74331151,2.18249103,2.16024487,2.18249103,25.62346463
0.43021670,0.42543407,0.30362579,-0.19013124,0.34925632,-0.00458200,178.01450082,-134.27903896,-16.82691655,-134.27903896,118.55112180,-20.41761375,-16.82691655,-20.41761375,124.98228268,19.48060178,-0.90785113,2.80536370,-0.90785113,5.00721006,1.88374898,2.80536370,1.88374898,25.45786588
0.42829390,0.42891014,0.30357870,-0.19436804,0.34607261,-0.00481669,177.74977454,-134.50329044,-16.81651419,-134.50329044,118.66801490,-20.37486366,-16.81651419,-20.37486366,124.78255310,20.91629931,-0.95346727,3.44588334,-0.95346727,4.33345764,1.59833276,3.44588334,1.59833276,25.24954354
0.42632933,0.43235553,0.30352946,-0.19848613,0.34308877,-0.00500766,177.50605060,-134.72880247,-16.79399340,-134.72880247,118.78544117,-20.33693159,-16.79399340,-20.33693159,124.57616008,22.34602900,-0.98140927,4.07253214,-0.98140927,3.72001274,1.32958079,4.07253214,1.32958079,24.99143643
0.42432417,0.43577192,0.30347854,-0.20248379,0.34023331,-0.00515220,177.28183988,-134.95557778,-16.76059098,-134.95557778,118.90224846,-20.30357493,-16.76059098,-20.30357493,124.36323264,23.76113068,-0.98895986,4.67638215,-0.98895986,3.16451842,1.08050005,4.67638215,1.08050005,24.67746520
0.42227966,0.43916019,0.30342642,-0.20634711,0.33741570,-0.00525046,177.07570742,-135.18362011,-16.71744104,-135.18362011,119.01743036,-20.27463969,-16.71744104,-20.27463969,124.14416216,25.15344774,-0.97362150,5.24900697,-0.97362150,2.66441992,0.85372535,5.24900697,0.85372535,24.30276200
0.42019723,0.44252023,0.30337353,-0.21004977,0.33453552,-0.00530570,176.88627426,-135.41293346,-16.66558194,-135.41293346,119.13012083,-20.25005809,-16.66558194,-20.25005809,123.91956720,26.51541127,-0.93316646,5.78261610,-0.93316646,2.21707039,0.65148641,5.78261610,0.65148641,23.86386335
0.41807866,0.44585090,0.30332030,-0.21355391,0.33149253,-0.00532424,176.71221844,-135.64352062,-16.60596532,-135.64352062,119.23958700,-20.22984355,-16.60596532,-20.22984355,123.69025380,27.84009786,-0.86568067,6.27016462,-0.86568067,1.81982190,0.47558307,6.27016462,0.47558307,23.35886126
0.41592615,0.44915008,0.30326705,-0.21681207,0.32819642,-0.00531506,176.55227546,-135.87538093,-16.53946660,-135.87538093,119.34522084,-20.21408333,-16.53946660,-20.21408333,123.45717310,29.12126201,-0.76960124,6.70543881,-0.76960124,1.47009991,0.32736824,6.70543881,0.32736824,22.78750863
0.41374242,0.45241483,0.30321400,-0.21977014,0.32457514,-0.00528929,176.40523832,-136.10850750,-16.46689638,-136.10850750,119.44653000,-20.20292935,-16.46689638,-20.20292935,123.22137772,30.35334546,-0.64374771,7.08311842,-0.64374771,1.16546017,0.20773849,7.08311842,0.20773849,22.15127621
0.41153075,0.45564159,0.30316126,-0.22237121,0.32058066,-0.00525928,176.26995741,-136.34288409,-16.38901226,-136.34288409,119.54312840,-20.19658756,-16.38901226,-20.19658756,122.98397844,31.53146627,-0.48734709,7.39881746,-0.48734709,0.90362752,0.11713169,7.39881746,0.11713169,21.45335915
0.40929500,0.45882644,0.30310881,-0.22455993,0.31619164,-0.00523769,176.14534044,-136.57848168,-16.30653064,-136.57848168,119.63472689,-20.19530619,-16.30653064,-20.19530619,122.74610253,32.65139082,-0.30005298,7.64910558,-0.30005298,0.68251698,0.05553151,7.64910558,0.05553151,20.69863244
0.40703955,0.46196542,0.30305651,-0.22628699,0.31141260,-0.00523639,176.03035245,-136.81525506,-16.22013801,-136.81525506,119.72112430,-20.19936338,-16.22013801,-20.19936338,122.50885513,33.70949226,-0.08195886,7.83151213,-0.08195886,0.50023806,0.02247802,7.83151213,0.02247802,19.89355514
0.40476926,0.46505470,0.30300409,-0.22751316,0.30626999,-0.00526551,175.92401612,-137.05313930,-16.13050142,-137.05313930,119.80219911,-20.20905437,-16.13050142,-20.20905437,122.27328477,34.70269883,0.16639438,7.94451516,0.16639438,0.35508333,0.01708433,7.94451516,0.01708433,19.04602506
0.40248929,0.46809082,0.30295120,-0.22821259,0.30080592,-0.00533243,175.82541241,-137.29204655,-16.03827773,-137.29204655,119.87790195,-20.22467872,-16.03827773,-20.22467872,122.04035395,35.62843523,0.44401647,7.98751745,0.44401647,0.24550339,0.03805863,7.98751745,0.03805863,18.16518624
0.40020501,0.47107082,0.30289744,-0.22837477,0.29507057,-0.00544118,175.73368165,-137.53186301,-15.94412139,-137.53186301,119.94824897,-20.24652766,-15.94412139,-20.24652766,121.81091563,36.48456039,0.74947160,7.96081120,0.74947160,0.17007007,0.08373141,7.96081120,0.08373141,17.26119363
0.39792179,0.47399223,0.30284238,-0.22800516,0.28911461,-0.00559193,175.64802502,-137.77244637,-15.84869051,-137.77244637,120.01331618,-20.27487202,-15.84869051,-20.27487202,121.58569608,37.26930405,1.08088803,7.86553311,1.08088803,0.12743058,0.15208745,7.86553311,0.15208745,16.34494068
0.39564490,0.47685311,0.30278560,-0.22712413,0.28298282,-0.00578099,175.56770649,-138.01362368,-15.75265105,-138.01362368,120.07323465,-20.30995082,-15.75265105,-20.30995082,121.36528449,37.98120470,1.43597366,7.70361113,1.43597366,0.11625513,0.24080219,7.70361113,0.24080219,15.42775744
0.39337931,0.47965189,0.30272676,-0.22576474,0.27670982,-0.00600101,175.49205514,-138.25518985,-15.65667903,-138.25518985,120.12818657,-20.35196072,-15.65667903,-20.35196072,121.15012921,38.61905088,1.81203767,7.47770384,1.81203767,0.13518119,0.34728203,7.47770384,0.34728203,14.52108838
0.39112961,0.48238730,0.30266558,-0.22396938,0.27031828,-0.00624161,175.42046786,-138.49690680,-15.56146077,-138.49690680,120.17840196,-20.40104659,-15.56146077,-20.40104659,120.94054056,39.18182730,2.20601834,7.19113360,2.20601834,0.18275725,0.46870809,7.19113360,0.46870809,13.63616066
0.38889992,0.48505825,0.30260192,-0.22178596,0.26381962,-0.00649034,175.35241215,-138.73850328,-15.46769116,-138.73850328,120.22415586,-20.45729327,-15.46769116,-20.45729327,120.73669960,39.66866726,2.61451695,6.84781426,2.61451695,0.25738931,0.60208278,6.84781426,0.60208278,12.78365486
0.38669389,0.48766370,0.30253577,-0.21926400,0.25721674,-0.00673374,175.28742878,-138.97967578,-15.37607014,-138.97967578,120.26576574,-20.52071867,-15.37607014,-20.52071867,120.53867214,40.07881208,3.03383768,6.45217435,3.03383768,0.35729301,0.74427846,6.45217435,0.74427846,11.97339071
0.38451464,0.49020259,0.30246725,-0.21645122,0.25050787,-0.00695858,175.22513164,-139.22009196,-15.28729818,-139.22009196,120.30358764,-20.59126879,-15.28729818,-20.59126879,120.34642700,40.41157838,3.46003306,6.00907671,3.46003306,0.48045411,0.89208743,6.00907671,0.89208743,11.21404041
0.38236486,0.49267385,0.30239660,-0.21339086,0.24369072,-0.00715308,175.16516260,-139.45942693,-15.20208194,-139.45942693,120.33798939,-20.66882230,-15.20208194,-20.66882230,120.15985450,40.66633357,3.88895455,5.52373555,3.88895455,0.62459976,1.04227237,5.52373555,1.04227237,10.51288175
0.38024683,0.49507640,0.30232419,-0.21012011,0.23676607,-0.00730794,175.16999633,-139.65254486,-15.10468876,-139.65254486,120.40133634,-20.74145637,-15.10468876,-20.74145637,119.98309317,40.84247968,4.31630745,5.00163234,4.31630745,0.78718235,1.19161640,5.00163234,1.19161640,9.87560140
0.37816246,0.49740917,0.30225044,-0.20666942,0.22974015,-0.00741710,175.38083710,-139.69513396,-14.95206356,-139.69513396,120.57043555,-20.77681611,-14.95206356,-20.77681611,119.82932940,40.93944570,4.73770924,4.44843156,4.73770924,0.96537726,1.33697180,4.44843156,1.33697180,9.30615697
0.37611344,0.49967121,0.30217585,-0.20306284,0.22262574,-0.00747823,175.37786861,-139.89084739,-14.86417535,-139.89084739,120.62551763,-20.86092206,-14.86417535,-20.86092206,119.66461798,40.95668834,5.14875042,3.86989802,5.14875042,1.15609505,1.47530668,3.86989802,1.47530668,8.80670364
0.37410121,0.50186169,0.30210088,-0.19931897,0.21544180,-0.00749280,178.32756954,-137.86828513,-13.70798390,-137.86828513,122.34256664,-20.14402222,-13.70798390,-20.14402222,119.89605702,40.89370086,5.54505662,3.27181701,5.54505662,1.35600800,1.60374876,3.27181701,1.60374876,8.37758806
0.37212706,0.50398004,0.30202599,-0.19545237,0.20821226,-0.00746575,178.28141039,-138.09311970,-13.64879326,-138.09311970,122.36903499,-20.25085711,-13.64879326,-20.25085711,119.73575337,40.75002988,5.92235081,2.65991883,5.92235081,1.56159006,1.71962586,2.65991883,1.71962586,8.01740903
0.37019216,0.50602593,0.30195156,-0.19147509,0.20096424,-0.00740491,178.23760186,-138.31420342,-13.59666834,-138.31420342,122.39512099,-20.36223297,-13.59666834,-20.36223297,119.58023173,40.52529971,6.27651459,2.03980906,6.27651459,1.76916896,1.82050247,2.03980906,1.82050247,7.72314105
0.36829756,0.50799933,0.30187789,-0.18739807,0.19372628,-0.00732021,178.19642778,-138.53106898,-13.55201227,-138.53106898,122.42138743,-20.47748579,-13.55201227,-20.47748579,119.42948971,40.21924372,6.60364736,1.41690579,6.60364736,1.97498822,1.90421234,1.41690579,1.90421234,7.49031434
0.36644420,0.50990046,0.30180516,-0.18323233,0.18652707,-0.00722263,178.15824688,-138.74325449,-13.51515619,-138.74325449,122.44839865,-20.59589222,-13.51515619,-20.59589222,119.28360195,39.83174230,6.90012233,0.79638466,6.90012233,2.17527694,1.96888681,0.79638466,1.96888681,7.31324204
0.36463291,0.51172987,0.30173344,-0.17898970,0.17939463,-0.00712331,178.12348659,-138.95030925,-13.48635480,-138.95030925,122.47671300,-20.71667708,-13.48635480,-20.71667708,119.14272359,39.36286669,7.16263881,0.18313265,7.16263881,2.36632447,2.01297901,0.18313265,2.01297901,7.18528389
0.36286440,0.51348835,0.30166269,-0.17468318,0.17235628,-0.00703257,178.09263537,-139.15179954,-13.46578331,-139.15179954,122.50687476,-20.83902198,-13.46578331,-20.83902198,119.00708922,38.81292792,7.38826977,-0.41828930,7.38826977,2.54455741,2.03528407,-0.41828930,2.03528407,7.09913434
0.36113925,0.51517699,0.30159279,-0.17032688,0.16543891,-0.00695918,178.06623362,-139.34731453,-13.45353603,-139.34731453,122.53940567,-20.96207454,-13.45353603,-20.96207454,118.87700748,38.18252991,7.57450436,-1.00367448,7.57450436,2.70661617,2.03495536,-1.00367448,2.03495536,7.04712302
0.35945787,0.51679713,0.30152351,-0.16593570,0.15866943,-0.00690972,178.04486331,-139.53647219,-13.44962655,-139.53647219,122.57479613,-21.08495846,-13.44962655,-21.08495846,118.75285163,37.47262559,7.71928486,-1.56919000,7.71928486,2.84942852,2.01151714,-1.56919000,2.01151714,7.02151543
0.35782053,0.51835038,0.30145459,-0.16152480,0.15207499,-0.00688820,178.02913637,-139.71892514,-13.45398933,-139.71892514,122.61349620,-21.20678403,-13.45398933,-21.20678403,118.63504661,36.68457462,7.82103786,-2.11138804,7.82103786,2.97027792,1.96487347,-2.11138804,1.96487347,7.01480289
0.35622737,0.51983863,0.30138574,-0.15710908,0.14568272,-0.00689586,178.01968216,-139.89436650,-13.46648268,-139.89436650,122.65590660,-21.32665918,-13.46648268,-21.32665918,118.52405331,35.82020103,7.87869930,-2.62720981,7.87869930,3.06686463,1.89531365,-2.62720981,1.89531365,7.01997188
0.35467835,0.52126404,0.30131668,-0.15270275,0.13951875,-0.00693110,178.01713405,-140.06253557,-13.48689297,-140.06253557,122.70236978,-21.44370077,-13.48689297,-21.44370077,118.42035046,34.88184900,7.89173322,-3.11398310,7.89173322,3.13735783,1.80351379,-3.11398310,1.80351379,7.03074439
0.35317331,0.52262901,0.30124712,-0.14831915,0.13360666,-0.00698966,178.02211559,-140.22322339,-13.51493983,-140.22322339,122.75316122,-21.55704608,-13.51493983,-21.55704608,118.32441510,33.87243438,7.86014393,-3.56941457,7.86014393,3.18043765,1.69053454,-3.56941457,1.69053454,7.04178281
0.35171197,0.52393617,0.30117688,-0.14397077,0.12796540,-0.00706485,178.03522633,-140.37627796,-13.55028212,-140.37627796,122.80848120,-21.66586424,-13.55028212,-21.66586424,118.23670211,32.79548962,7.78448120,-3.99157801,7.78448120,3.19532582,1.55781428,-3.99157801,1.55781428,7.04885417
0.35029390,0.52518831,0.30110583,-0.13966963,0.12260721,-0.00714804,178.05702778,-140.52160925,-13.59252460,-140.52160925,122.86844713,-21.76936751,-13.59252460,-21.76936751,118.15762373,31.65519947,7.66583832,-4.37889976,7.66583832,3.18180437,1.40715735,-4.37889976,1.40715735,7.04895048
0.34891858,0.52638831,0.30103392,-0.13542781,0.11753579,-0.00722915,178.08802980,-140.65919358,-13.64122491,-140.65919358,122.93308667,-21.86682214,-13.64122491,-21.86682214,118.08752957,30.45642468,7.50584228,-4.73014231,7.50584228,3.14022177,1.24071670,-4.73014231,1.24071670,7.04036318
0.34758534,0.52753903,0.30096124,-0.13125795,0.11274517,-0.00729734,178.12867778,-140.78907755,-13.69590089,-140.78907755,123.00233192,-21.95755863,-13.69590089,-21.95755863,118.02668792,29.20471093,7.30663587,-5.04438728,7.30663587,3.07148631,1.06097026,-5.04438728,1.06097026,7.02271099
0.34629342,0.52864322,0.30088797,-0.12717375,0.10821969,-0.00734172,178.17934093,-140.91138102,-13.75603788,-140.91138102,123.07601474,-22.04098114,-13.75603788,-22.04098114,117.97526896,27.90628062,7.07085107,-5.32101841,7.07085107,2.97704646,0.87069034,-5.32101841,0.87069034,6.99692192
0.34504187,0.52970342,0.30081441,-0.12319013,0.10393508,-0.00735208,178.24030216,-141.02629937,-13.82109594,-141.02629937,123.15386365,-22.11657587,-13.82109594,-22.11657587,117.93333041,26.56800509,6.80157349,-5.55970540,6.80157349,2.85885870,0.67290572,-5.55970540,0.67290572,6.96517108
0.34382961,0.53072192,0.30074093,-0.11932300,0.09986062,-0.00731962,178.31174977,-141.13410447,-13.89051697,-141.13410447,123.23550232,-22.18391808,-13.89051697,-22.18391808,117.90080615,25.19735585,6.50229755,-5.76038885,6.50229755,2.71934298,0.47085609,-5.76038885,0.47085609,6.93077695
0.34265541,0.53170064,0.30066802,-0.11558860,0.09596213,-0.00723760,178.39377132,-141.23514450,-13.96373139,-141.23514450,123.32044998,-22.24267766,-13.96373139,-22.24267766,117.87749831,23.80233378,6.17687251,-5.92326666,6.17687251,2.56132664,0.26793893,-5.92326666,0.26793893,6.89806020
0.34151784,0.53264116,0.30059618,-0.11200240,0.09220528,-0.00710176,178.48634988,-141.32984237,-14.04016454,-141.32984237,123.40812387,-22.29262292,-14.04016454,-22.29262292,117.86307303,22.39137646,5.82943973,-6.04878179,5.82943973,2.38797789,0.06764936,-6.04878179,0.06764936,6.87216972
0.34041536,0.53354474,0.30052598,-0.10857777,0.08855882,-0.00691067,178.58936293,-141.41869260,-14.11924267,-141.41869260,123.49784382,-22.33362256,-14.11924267,-22.33362256,117.85706024,20.97324471,5.46436198,-6.13761121,5.46436198,2.20273040,-0.12648610,-6.13761121,-0.12648610,6.85888179
0.33934629,0.53441234,0.30045797,-0.10532462,0.08499717,-0.00666580,178.70258388,-141.50225670,-14.20039835,-141.50225670,123.58883913,-22.36564566,-14.20039835,-22.36564566,117.85885737,19.55689059,5.08614598,-6.19065566,5.08614598,2.00920058,-0.31098057,-6.19065566,-0.31098057,6.86437936
0.33830887,0.53524469,0.30039266,-0.10224814,0.08150210,-0.00637136,178.82568626,-141.58115697,-14.28307557,-141.58115697,123.68025760,-22.38875963,-14.28307557,-22.38875963,117.86773708,18.15131048,4.69935994,-6.20902963,4.69935994,1.81110019,-0.48246045,-6.20902963,-0.48246045,6.89501901
0.33730132,0.53604238,0.30033054,-0.09934821,0.07806331,-0.00603401,178.95825045,-141.65606888,-14.36673415,-141.65606888,123.77117665,-22.40312612,-14.36673415,-22.40312612,117.88285865,16.76538760,4.30854824,-6.19405109,4.30854824,1.61214646,-0.63773969,-6.19405109,-0.63773969,6.95709410
0.33632190,0.53680595,0.30027198,-0.09661922,0.07467793,-0.00566230,179.09977279,-141.72771199,-14.45085382,-141.72771199,123.86061635,-22.40899513,-14.45085382,-22.40899513,117.90328270,15.40772965,3.91814571,-6.14723027,3.91814571,1.41597290,-0.77389181,-6.14723027,-0.77389181,7.05660275
0.33536894,0.53753594,0.30021729,-0.09405081,0.07134914,-0.00526605,179.24967665,-141.79683987,-14.53493773,-141.79683987,123.94755408,-22.40669724,-14.53493773,-22.40669724,117.92798880,14.08650753,3.53239437,-6.07025683,3.53239437,1.22604357,-0.88831703,-6.07025683,-0.88831703,7.19902954
0.33444089,0.53823293,0.30016666,-0.09162921,0.06808426,-0.00485570,179.40732509,-141.86422904,-14.61851548,-141.86422904,124.03094041,-22.39663445,-14.61851548,-22.39663445,117.95589511,12.80930168,3.15526532,-5.96498512,3.15526532,1.04557384,-0.97880165,-5.96498512,-0.97880165,7.38914916
0.33353635,0.53889762,0.30012018,-0.08933900,0.06489267,-0.00444154,179.57203469,-141.93066738,-14.70114575,-141.93066738,124.10971576,-22.37926972,-14.70114575,-22.37926972,117.98587959,11.58296222,2.79038871,-5.83341686,2.79038871,0.87746043,-1.04356720,-5.83341686,-1.04356720,7.63085964
0.33265411,0.53953079,0.30007783,-0.08716516,0.06178395,-0.00403311,179.74308997,-141.99694229,-14.78241836,-141.99694229,124.18282742,-22.35511575,-14.78241836,-22.35511575,118.01680177,10.41348888,2.44099416,-5.67768137,2.44099416,0.72422319,-1.08130713,-5.67768137,-1.08130713,7.92705128
0.33179305,0.54013330,0.30003952,-0.08509488,0.05876636,-0.00363864,179.91975789,-142.06382902,-14.86195604,-142.06382902,124.24924639,-22.32472315,-14.86195604,-22.32472315,118.04752450,9.30593533,2.10986377,-5.50001303,2.10986377,0.58796044,-1.09120935,-5.50001303,-1.09120935,8.27951576
0.33095221,0.54070612,0.30000506,-0.08311880,0.05584608,-0.00326464,180.10130195,-142.13207944,-14.93941566,-142.13207944,124.30798343,-22.28866858,-14.93941566,-22.28866858,118.07693467,8.26434190,1.79929920,-5.30272655,1.79929920,0.47031926,-1.07296380,-5.30272655,-1.07296380,8.68889801
0.33013068,0.54125022,0.29997423,-0.08123164,0.05302686,-0.00291570,180.28699543,-142.20241167,-15.01448904,-142.20241167,124.35810406,-22.24754311,-15.01448904,-22.24754311,118.10396253,7.29169852,1.51110361,-5.08819006,1.51110361,0.37248121,-1.02675481,-5.08819006,-1.02675481,9.15469120
0.32932758,0.54176665,0.29994675,-0.07943184,0.05031034,-0.00259448,180.47613334,-142.27550083,-15.08690349,-142.27550083,124.39874187,-22.20194115,-15.08690349,-22.20194115,118.12759873,6.38993866,1.24657855,-4.85879698,1.24657855,0.29516332,-0.95323881,-4.85879698,-0.95323881,9.67527296
0.32854204,0.54225643,0.29992234,-0.07772049,0.04769655,-0.00230179,180.66804275,-142.35197105,-15.15642177,-142.35197105,124.42910992,-22.15245026,-15.15642177,-22.15245026,118.14690878,5.55996324,1.00653511,-4.61693721,1.00653511,0.23863342,-0.85350876,-4.61693721,-0.85350876,10.24797938
0.32777317,0.54272058,0.29990071,-0.07609980,0.04518457,-0.00203694,180.86209144,-142.43238912,-15.22284179,-142.43238912,124.44850995,-22.09964214,-15.22284179,-22.09964214,118.16104475,4.80169195,0.79131820,-4.36496843,0.79131820,0.20273829,-0.72904723,-4.36496843,-0.72904723,10.86921112
0.32702004,0.54316012,0.29988160,-0.07457123,0.04277311,-0.00179811,181.05769455,-142.51725968,-15.28599597,-142.51725968,124.45633922,-22.04406476,-15.28599597,-22.04406476,118.16925371,4.11413837,0.60084183,-4.10518846,0.60084183,0.18694247,-0.58167057,-4.10518846,-0.58167057,11.53456513
0.32628174,0.54357605,0.29986475,-0.07313387,0.04046081,-0.00158275,181.25431938,-142.60702201,-15.34575015,-142.60702201,124.45209495,-21.98623603,-15.34575015,-21.98623603,118.17088334,3.49550429,0.43463350,-3.83980947,0.43463350,0.19037542,-0.41346685,-3.83980947,-0.41346685,12.23898456
0.32555737,0.54396934,0.29984994,-0.07178327,0.03824641,-0.00138807,181.45148829,-142.70204856,-15.40200231,-142.70204856,124.43537633,-21.92663877,-15.40200231,-21.92663877,118.16538448,2.94328803,0.29188500,-3.57093463,0.29188500,0.21188437,-0.22673045,-3.57093463,-0.22673045,12.97691906
0.32484608,0.54434097,0.29983699,-0.07051084,0.03612860,-0.00121129,181.64877999,-142.80264483,-15.45468094,-142.80264483,124.40588439,-21.86571711,-15.45468094,-21.86571711,118.15231106,2.45440150,0.17150711,-3.30053799,0.17150711,0.25009024,-0.02389601,-3.30053799,-0.02389601,13.74248813
0.32414715,0.54469191,0.29982572,-0.06930401,0.03410583,-0.00105002,181.84582922,-142.90905071,-15.50374320,-142.90905071,124.36341975,-21.80387423,-15.50374320,-21.80387423,118.13131765,2.02529081,0.07218596,-3.03044788,0.07218596,0.30344415,0.19252564,-3.03044788,0.19252564,14.52964066
0.32346000,0.54502309,0.29981599,-0.06814695,0.03217606,-0.00090231,182.04232519,-143.02144296,-15.54917286,-143.02144296,124.30787856,-21.74147125,-15.54917286,-21.74147125,118.10215500,1.65205566,-0.00756141,-2.76233424,-0.00756141,0.37028240,0.42000758,-2.76233424,0.42000758,15.33230469
0.32278421,0.54533543,0.29980767,-0.06702161,0.03033660,-0.00076676,182.23800899,-143.13993870,-15.59097813,-143.13993870,124.23924704,-21.67882724,-15.59097813,-21.67882724,118.06466401,1.33056346,-0.06933399,-2.49769981,-0.06933399,0.44887794,0.65606091,-2.49769981,0.65606091,16.14452290
0.32211956,0.54562982,0.29980065,-0.06590910,0.02858402,-0.00064251,182.43267022,-143.26459962,-15.62918935,-143.26459962,124.15759469,-21.61622008,-15.62918935,-21.61622008,118.01876848,1.05655487,-0.11479790,-2.23787533,-0.11479790,0.53748704,0.89828195,-2.23787533,0.89828195,16.96057021
0.32146603,0.54590711,0.29979482,-0.06479089,0.02691421,-0.00052907,182.62614300,-143.39543678,-15.66385659,-143.39543678,124.06306675,-21.55388810,-15.66385659,-21.55388810,117.96446704,0.82573839,-0.14564258,-1.98401832,-0.14564258,0.63439006,1.14439147,-1.98401832,1.14439147,17.77505158
0.32082375,0.54616811,0.29979007,-0.06364993,0.02532256,-0.00042632,182.81830175,-143.53241583,-15.69504728,-143.53241583,123.95587592,-21.49203224,-15.69504728,-21.49203224,117.90182463,0.63387230,-0.16354303,-1.73711528,-0.16354303,0.73792583,1.39226580,-1.73711528,1.39226580,18.58297902
0.32019303,0.54641356,0.29978629,-0.06307175,0.02454566,-0.00037760,183.00905668,-143.67546231,-15.72284387,-143.67546231,123.83629391,-21.43081867,-15.72284387,-21.43081867,117.83096384,0.47683339,-0.17012813,-1.49798682,-0.17012813,0.84651927,1.63995991,-1.49798682,1.63995991,19.37982802
